"GEOID","SUFFIX","COUNT","TOTAL_ROADS","PCT"
1001,"DR",351,1460,24.04
1003,"LN",1660,8009,20.73
1005,"RD",522,1220,42.79
1007,"RD",378,1078,35.06
1009,"RD",942,2251,41.85
1011,"RD",174,499,34.87
1013,"RD",614,1254,48.96
1015,"ST",929,4006,23.19
1017,"ST",290,796,36.43
1019,"ST",185,502,36.85
1021,"ST",174,620,28.06
1023,"RD",670,1095,61.19
1025,"RD",787,1770,44.46
1027,"RD",601,920,65.33
1029,"ST",108,300,36
1031,"ST",377,1115,33.81
1033,"ST",580,2488,23.31
1035,"RD",392,882,44.44
1037,"RD",270,667,40.48
1039,"RD",1134,2795,40.57
1041,"RD",584,952,61.34
1043,"RD",216,582,37.11
1045,"ST",442,1769,24.99
1047,"ST",281,1012,27.77
1049,"ST",304,1057,28.76
1051,"RD",1113,3112,35.76
1053,"RD",734,2110,34.79
1055,"RD",942,3862,24.39
1057,"RD",452,703,64.3
1059,"RD",637,1422,44.8
1061,"RD",729,1563,46.64
1063,"RD",179,556,32.19
1065,"RD",380,828,45.89
1067,"ST",153,502,30.48
1069,"RD",886,3134,28.27
1071,"ST",435,1333,32.63
1073,"DR",3476,17213,20.19
1075,"RD",601,1007,59.68
1077,"DR",557,2328,23.93
1079,"ST",148,383,38.64
1081,"DR",572,2578,22.19
1083,"RD",668,2498,26.74
1085,"RD",432,893,48.38
1087,"RD",315,1068,29.49
1089,"DR",1583,4762,33.24
1091,"RD",259,1009,25.67
1093,"RD",758,1707,44.41
1095,"RD",1151,3282,35.07
1097,"DR",2455,10214,24.04
1099,"RD",784,1645,47.66
1101,"DR",1202,5350,22.47
1103,"RD",837,1948,42.97
1105,"RD",271,542,50
1107,"RD",641,1042,61.52
1109,"ST",256,903,28.35
1111,"DR",218,701,31.1
1113,"RD",498,2117,23.52
1115,"RD",1022,3919,26.08
1117,"DR",1577,6287,25.08
1119,"RD",299,812,36.82
1121,"LN",1031,3523,29.26
1123,"RD",1074,3029,35.46
1125,"DR",1703,6436,26.46
1127,"RD",1663,3674,45.26
1129,"RD",978,1487,65.77
1131,"RD",423,803,52.68
1133,"RD",303,918,33.01
4001,"RD",727,1931,37.65
4003,"RD",2350,8014,29.32
4005,"RD",1516,5445,27.84
4007,"DR",811,3664,22.13
4009,"RD",422,1474,28.63
4011,"RD",203,637,31.87
4012,"RD",425,1481,28.7
4013,"DR",24125,95955,25.14
4015,"DR",3639,11202,32.49
4017,"RD",1636,6030,27.13
4019,"DR",4509,20540,21.95
4021,"DR",3860,16348,23.61
4023,"CT",726,1994,36.41
4025,"RD",3087,12442,24.81
4027,"ST",1258,4351,28.91
5001,"RD",440,1461,30.12
5003,"RD",393,951,41.32
5005,"LN",895,2974,30.09
5007,"LN",2768,10885,25.43
5009,"LN",476,1933,24.62
5011,"RD",616,957,64.37
5013,"RD",64,189,33.86
5015,"RD",296,1182,25.04
5017,"ST",309,709,43.58
5019,"RD",1010,1766,57.19
5021,"ST",439,730,60.14
5023,"RD",550,1839,29.91
5025,"RD",404,657,61.49
5027,"ST",400,619,64.62
5029,"RD",518,1445,35.85
5031,"RD",1050,3460,30.35
5033,"ST",456,2114,21.57
5035,"RD",558,1563,35.7
5037,"RD",174,555,31.35
5039,"ST",184,435,42.3
5041,"ST",308,772,39.9
5043,"RD",284,847,33.53
5045,"DR",1093,3775,28.95
5047,"RD",396,968,40.91
5049,"LN",498,1670,29.82
5051,"LN",1146,6011,19.07
5053,"ST",154,605,25.45
5055,"RD",435,1239,35.11
5057,"RD",471,1057,44.56
5059,"RD",665,1868,35.6
5061,"RD",531,1011,52.52
5063,"LN",593,1992,29.77
5065,"RD",260,1141,22.79
5067,"ST",330,658,50.15
5069,"ST",915,3237,28.27
5071,"RD",373,981,38.02
5073,"ST",248,406,61.08
5075,"ST",449,1027,43.72
5077,"ST",129,255,50.59
5079,"RD",283,637,44.43
5081,"ST",258,532,48.5
5083,"RD",488,1267,38.52
5085,"RD",735,2576,28.53
5087,"RD",82,270,30.37
5089,"LN",717,1549,46.29
5091,"ST",520,1343,38.72
5093,"ST",779,1615,48.24
5095,"RD",228,657,34.7
5097,"RD",479,1484,32.28
5099,"RD",347,490,70.82
5101,"RD",187,313,59.74
5103,"ST",173,461,37.53
5105,"LN",250,883,28.31
5107,"ST",248,572,43.36
5109,"RD",737,1333,55.29
5111,"RD",379,1230,30.81
5113,"RD",948,2263,41.89
5115,"LN",724,2678,27.04
5117,"RD",624,973,64.13
5119,"DR",2528,10854,23.29
5121,"RD",418,1122,37.25
5123,"ST",231,668,34.58
5125,"DR",1113,4841,22.99
5127,"RD",582,1034,56.29
5129,"RD",595,1507,39.48
5131,"ST",1332,3411,39.05
5133,"RD",347,924,37.55
5135,"RD",541,1785,30.31
5137,"RD",417,866,48.15
5139,"RD",570,1885,30.24
5141,"RD",674,1789,37.67
5143,"RD",1616,6389,25.29
5145,"RD",964,3194,30.18
5147,"ST",162,290,55.86
5149,"RD",656,1375,47.71
6001,"CT",3713,18718,19.84
6003,"RD",115,200,57.5
6005,"RD",606,1908,31.76
6007,"RD",1356,6868,19.74
6009,"RD",998,3021,33.04
6011,"RD",397,860,46.16
6013,"CT",6233,20703,30.11
6015,"RD",316,1235,25.59
6017,"RD",1931,8084,23.89
6019,"AVE",10996,16547,66.45
6021,"ST",224,582,38.49
6023,"RD",1943,6037,32.18
6025,"RD",1325,4650,28.49
6027,"RD",661,1353,48.85
6029,"ST",5051,21647,23.33
6031,"AVE",987,2841,34.74
6033,"RD",1420,3803,37.34
6035,"RD",761,1696,44.87
6037,"AVE",20794,76703,27.11
6039,"RD",651,3219,20.22
6041,"RD",1000,5874,17.02
6043,"RD",790,1490,53.02
6045,"RD",1404,3506,40.05
6047,"CT",1198,5130,23.35
6049,"RD",853,1487,57.36
6051,"RD",540,1117,48.34
6053,"RD",1460,6492,22.49
6055,"CT",528,2845,18.56
6057,"RD",1576,5348,29.47
6059,"DR",6619,35287,18.76
6061,"CT",2722,10876,25.03
6063,"RD",664,1871,35.49
6065,"DR",7980,41670,19.15
6067,"WAY",6333,24687,25.65
6069,"RD",360,1342,26.83
6071,"RD",11460,48329,23.71
6073,"ST",6054,37646,16.08
6075,"ST",1455,3519,41.35
6077,"CT",2131,12476,17.08
6079,"RD",2204,8621,25.57
6081,"AVE",1857,8832,21.03
6083,"RD",1572,7173,21.92
6085,"CT",6082,24684,24.64
6087,"RD",1496,6407,23.35
6089,"RD",1913,7824,24.45
6091,"RD",368,607,60.63
6093,"RD",1424,3575,39.83
6095,"CT",2319,7734,29.98
6097,"RD",2840,12168,23.34
6099,"CT",1967,9047,21.74
6101,"RD",405,1796,22.55
6103,"RD",822,2937,27.99
6105,"RD",1020,1681,60.68
6107,"AVE",2870,8599,33.38
6109,"RD",1242,3293,37.72
6111,"ST",2572,14064,18.29
6113,"ST",686,3250,21.11
6115,"RD",410,1939,21.14
8001,"ST",2634,9476,27.8
8003,"ST",141,748,18.85
8005,"ST",2321,12233,18.97
8007,"CT",312,1240,25.16
8009,"ST",136,212,64.15
8011,"ST",82,207,39.61
8013,"DR",1234,6968,17.71
8014,"ST",279,1838,15.18
8015,"ST",197,917,21.48
8017,"ST",21,36,58.33
8019,"RD",302,808,37.38
8021,"ST",140,307,45.6
8023,"RD",567,1278,44.37
8025,"ST",57,133,42.86
8027,"RD",282,794,35.52
8029,"RD",800,1730,46.24
8031,"ST",2490,6020,41.36
8033,"ST",49,129,37.98
8035,"DR",1557,8560,18.19
8037,"RD",670,1816,36.89
8039,"CIR",225,990,22.73
8041,"DR",3272,13191,24.8
8043,"ST",380,2029,18.73
8045,"RD",316,1735,18.21
8047,"RD",282,668,42.22
8049,"DR",295,1325,22.26
8051,"RD",272,1150,23.65
8053,"ST",41,132,31.06
8055,"RD",188,658,28.57
8057,"ST",33,77,42.86
8059,"ST",2975,13143,22.64
8061,"ST",81,107,75.7
8063,"ST",146,274,53.28
8065,"ST",101,341,29.62
8067,"DR",537,2031,26.44
8069,"DR",2764,10583,26.12
8071,"ST",301,987,30.5
8073,"ST",94,169,55.62
8075,"ST",201,481,41.79
8077,"RD",1309,4971,26.33
8079,"RD",92,244,37.7
8081,"ST",156,510,30.59
8083,"ST",245,586,41.81
8085,"RD",937,1944,48.2
8087,"ST",235,504,46.63
8089,"ST",241,557,43.27
8091,"DR",104,477,21.8
8093,"RD",1019,2976,34.24
8095,"AVE",73,159,45.91
8097,"RD",411,1168,35.19
8099,"ST",236,416,56.73
8101,"DR",1260,5118,24.62
8103,"ST",80,234,34.19
8105,"RD",177,637,27.79
8107,"LN",232,1436,16.16
8109,"TRL",132,593,22.26
8111,"ST",64,95,67.37
8113,"RD",413,854,48.36
8115,"ST",57,79,72.15
8117,"RD",457,1716,26.63
8119,"RD",446,1972,22.62
8121,"AVE",58,122,47.54
8123,"ST",1538,6199,24.81
8125,"ST",226,340,66.47
9110,"RD",4065,14974,27.15
9120,"RD",1128,4936,22.85
9130,"RD",1853,4661,39.76
9140,"RD",1981,8131,24.36
9150,"RD",1155,2408,47.97
9160,"RD",1793,3451,51.96
9170,"RD",2166,8635,25.08
9180,"RD",1685,5890,28.61
9190,"RD",3602,11212,32.13
10001,"DR",1095,4590,23.86
10003,"DR",2453,10641,23.05
10005,"RD",2102,10569,19.89
11001,"AVE",24,145,16.55
12001,"AVE",2245,11279,19.9
12003,"RD",638,1606,39.73
12005,"DR",942,5291,17.8
12007,"ST",596,1345,44.31
12009,"DR",2389,10873,21.97
12011,"ST",6469,28000,23.1
12013,"RD",528,1097,48.13
12015,"AVE",1665,8075,20.62
12017,"CT",1116,8164,13.67
12019,"CT",957,4494,21.3
12021,"DR",1249,6592,18.95
12023,"RD",877,4998,17.55
12027,"AVE",550,1679,32.76
12029,"ST",923,2138,43.17
12031,"DR",2930,14809,19.79
12033,"DR",2043,8951,22.82
12035,"LN",647,3023,21.4
12037,"ST",376,1092,34.43
12039,"RD",704,2175,32.37
12041,"ST",276,1023,26.98
12043,"RD",228,844,27.01
12045,"RD",389,1455,26.74
12047,"ST",149,881,16.91
12049,"RD",428,1132,37.81
12051,"ST",504,2093,24.08
12053,"RD",1050,5809,18.08
12055,"RD",1416,7002,20.22
12057,"DR",5557,22816,24.36
12059,"RD",461,1117,41.27
12061,"AVE",782,4093,19.11
12063,"RD",810,2996,27.04
12065,"RD",396,894,44.3
12067,"RD",427,873,48.91
12069,"DR",1976,10983,17.99
12071,"CT",3205,21006,15.26
12073,"DR",1473,6969,21.14
12075,"ST",897,3812,23.53
12077,"RD",290,592,48.99
12079,"RD",473,1906,24.82
12081,"DR",1033,5611,18.41
12083,"ST",2712,15695,17.28
12085,"ST",564,3968,14.21
12086,"ST",8356,30973,26.98
12087,"DR",609,2887,21.09
12089,"RD",867,3445,25.17
12091,"DR",1201,6057,19.83
12093,"ST",674,1701,39.62
12095,"DR",4741,21890,21.66
12097,"CT",1208,6504,18.57
12099,"DR",4637,22022,21.06
12101,"DR",3632,13025,27.88
12103,"DR",2367,10664,22.2
12105,"DR",3366,15831,21.26
12107,"ST",1184,5294,22.36
12109,"DR",1202,6196,19.4
12111,"ST",1243,7070,17.58
12113,"RD",1316,6368,20.67
12115,"DR",2522,13075,19.29
12117,"CT",1760,9198,19.13
12119,"ST",567,4399,12.89
12121,"RD",606,2274,26.65
12123,"RD",674,1401,48.11
12125,"LN",208,1631,12.75
12127,"DR",2663,12795,20.81
12129,"RD",431,1506,28.62
12131,"RD",1245,4695,26.52
12133,"RD",763,2219,34.38
13001,"RD",689,1234,55.83
13003,"LN",269,700,38.43
13005,"RD",351,859,40.86
13007,"RD",287,411,69.83
13009,"RD",252,871,28.93
13011,"RD",355,858,41.38
13013,"DR",403,1832,22
13015,"RD",511,2068,24.71
13017,"RD",379,822,46.11
13019,"RD",637,1227,51.92
13021,"DR",1034,3970,26.05
13023,"RD",278,541,51.39
13025,"RD",617,1152,53.56
13027,"RD",370,911,40.61
13029,"RD",393,1252,31.39
13031,"RD",1033,2505,41.24
13033,"RD",506,1050,48.19
13035,"RD",365,806,45.29
13037,"RD",137,254,53.94
13039,"RD",445,2243,19.84
13043,"RD",327,643,50.86
13045,"RD",802,2885,27.8
13047,"LN",828,2396,34.56
13049,"RD",357,830,43.01
13051,"ST",1224,5847,20.93
13053,"RD",262,598,43.81
13055,"RD",437,1132,38.6
13057,"DR",1236,5680,21.76
13059,"DR",557,2264,24.6
13061,"RD",163,328,49.7
13063,"DR",1198,4550,26.33
13065,"RD",345,670,51.49
13067,"DR",2862,10813,26.47
13069,"RD",962,2029,47.41
13071,"RD",628,1204,52.16
13073,"DR",771,2842,27.13
13075,"RD",312,876,35.62
13077,"DR",736,3299,22.31
13079,"RD",221,510,43.33
13081,"RD",309,600,51.5
13083,"RD",271,751,36.09
13085,"RD",398,1348,29.53
13087,"RD",571,1338,42.68
13089,"DR",2161,9428,22.92
13091,"RD",465,1095,42.47
13093,"RD",395,730,54.11
13095,"AVE",437,2091,20.9
13097,"DR",829,3131,26.48
13099,"RD",351,688,51.02
13101,"RD",229,403,56.82
13103,"DR",452,1721,26.26
13105,"RD",427,1111,38.43
13107,"RD",586,1358,43.15
13109,"RD",364,735,49.52
13111,"RD",1011,2910,34.74
13113,"DR",538,2686,20.03
13115,"ST",376,1454,25.86
13117,"DR",1204,4837,24.89
13119,"RD",586,1309,44.77
13121,"DR",2085,10556,19.75
13123,"RD",934,3209,29.11
13125,"RD",178,241,73.86
13127,"DR",675,3409,19.8
13129,"RD",225,872,25.8
13131,"RD",266,664,40.06
13133,"RD",383,1179,32.49
13135,"CT",2642,10979,24.06
13137,"RD",661,2284,28.94
13139,"DR",1349,4847,27.83
13141,"RD",499,930,53.66
13143,"RD",579,1261,45.92
13145,"RD",414,1419,29.18
13147,"RD",875,1916,45.67
13149,"RD",306,436,70.18
13151,"DR",1207,4865,24.81
13153,"DR",998,3724,26.8
13155,"RD",344,747,46.05
13157,"RD",624,2466,25.3
13159,"RD",354,753,47.01
13161,"RD",485,892,54.37
13163,"RD",379,964,39.32
13165,"RD",354,604,58.61
13167,"RD",285,484,58.88
13169,"RD",382,1019,37.49
13171,"RD",269,568,47.36
13173,"RD",254,587,43.27
13175,"RD",761,2085,36.5
13177,"RD",186,700,26.57
13179,"RD",488,1920,25.42
13181,"RD",226,566,39.93
13183,"RD",329,599,54.92
13185,"DR",630,2844,22.15
13187,"RD",597,1813,32.93
13189,"RD",250,700,35.71
13191,"RD",354,755,46.89
13193,"RD",345,754,45.76
13195,"RD",639,1190,53.7
13197,"RD",256,492,52.03
13199,"RD",477,1062,44.92
13201,"RD",242,371,65.23
13205,"RD",364,744,48.92
13207,"RD",338,968,34.92
13209,"RD",210,556,37.77
13211,"RD",272,680,40
13213,"RD",419,895,46.82
13215,"DR",1181,3669,32.19
13217,"DR",452,2212,20.43
13219,"RD",346,1358,25.48
13221,"RD",393,755,52.05
13223,"DR",850,4089,20.79
13225,"RD",253,907,27.89
13227,"RD",498,1732,28.75
13229,"RD",452,1102,41.02
13231,"RD",349,601,58.07
13233,"RD",558,1382,40.38
13235,"RD",308,627,49.12
13237,"DR",212,812,26.11
13239,"RD",118,255,46.27
13241,"LN",1204,2479,48.57
13243,"RD",234,500,46.8
13245,"DR",1183,4684,25.26
13247,"DR",106,478,22.18
13249,"RD",143,249,57.43
13251,"RD",420,757,55.48
13253,"RD",210,544,38.6
13255,"RD",412,1488,27.69
13257,"RD",627,1763,35.56
13259,"RD",196,392,50
13261,"RD",351,1104,31.79
13263,"RD",311,586,53.07
13265,"RD",63,111,56.76
13267,"RD",826,1513,54.59
13269,"RD",399,697,57.25
13271,"RD",258,748,34.49
13273,"RD",208,352,59.09
13275,"ST",574,1874,30.63
13277,"RD",531,1486,35.73
13279,"RD",502,1258,39.9
13281,"RD",536,1300,41.23
13283,"RD",272,549,49.54
13285,"RD",444,1774,25.03
13287,"RD",264,528,50
13289,"RD",274,535,51.21
13291,"RD",972,3042,31.95
13293,"RD",345,890,38.76
13295,"RD",650,2496,26.04
13297,"DR",468,2059,22.73
13299,"ST",494,1753,28.18
13301,"RD",203,387,52.45
13303,"RD",404,935,43.21
13305,"RD",587,1421,41.31
13307,"RD",181,263,68.82
13309,"RD",174,368,47.28
13311,"DR",669,1923,34.79
13313,"DR",896,2703,33.15
13315,"RD",309,554,55.78
13317,"RD",262,556,47.12
13319,"RD",299,573,52.18
13321,"RD",438,897,48.83
16001,"ST",3336,14731,22.65
16003,"RD",239,496,48.19
16005,"RD",579,2035,28.45
16007,"RD",229,579,39.55
16009,"RD",339,946,35.84
16011,"RD",691,1380,50.07
16013,"RD",457,1401,32.62
16015,"RD",677,1599,42.34
16017,"RD",1483,3339,44.41
16019,"DR",765,2955,25.89
16021,"RD",482,900,53.56
16023,"RD",66,176,37.5
16025,"RD",120,181,66.3
16027,"ST",1011,5933,17.04
16029,"RD",388,542,71.59
16031,"RD",295,658,44.83
16033,"RD",167,222,75.23
16035,"RD",459,982,46.74
16037,"RD",317,560,56.61
16039,"RD",645,1893,34.07
16041,"RD",164,340,48.24
16043,"RD",478,1238,38.61
16045,"RD",137,532,25.75
16047,"RD",119,311,38.26
16049,"RD",1007,1720,58.55
16051,"RD",178,327,54.43
16053,"RD",157,427,36.77
16055,"RD",1521,6189,24.58
16057,"RD",524,1427,36.72
16059,"RD",951,1700,55.94
16061,"RD",229,422,54.27
16063,"RD",147,314,46.82
16065,"RD",176,576,30.56
16067,"RD",245,638,38.4
16069,"RD",465,1496,31.08
16071,"RD",167,233,71.67
16073,"RD",437,889,49.16
16075,"ST",173,592,29.22
16077,"RD",342,566,60.42
16079,"RD",465,1082,42.98
16081,"RD",306,1072,28.54
16083,"RD",382,1596,23.93
16085,"RD",472,1647,28.66
16087,"RD",223,468,47.65
17001,"ST",1105,2870,38.5
17003,"RD",254,609,41.71
17005,"ST",430,1225,35.1
17007,"DR",245,1189,20.61
17009,"ST",125,177,70.62
17011,"ST",1637,2859,57.26
17013,"RD",181,325,55.69
17015,"ST",379,1021,37.12
17017,"RD",385,936,41.13
17019,"DR",1383,4515,30.63
17021,"ST",734,1652,44.43
17023,"ST",627,1373,45.67
17025,"ST",261,972,26.85
17027,"ST",649,1627,39.89
17029,"ST",491,1256,39.09
17031,"AVE",11948,42781,27.93
17033,"ST",658,1066,61.73
17035,"ST",188,352,53.41
17037,"ST",740,2395,30.9
17039,"RD",733,1345,54.5
17041,"ST",374,635,58.9
17043,"CT",3368,15079,22.34
17045,"ST",648,1224,52.94
17047,"ST",198,264,75
17049,"ST",738,1779,41.48
17051,"ST",530,887,59.75
17053,"RD",330,749,44.06
17055,"ST",1155,2224,51.93
17057,"RD",887,2171,40.86
17059,"RD",226,573,39.44
17061,"ST",309,540,57.22
17063,"ST",488,1583,30.83
17065,"ST",162,343,47.23
17067,"ST",639,911,70.14
17069,"ST",83,192,43.23
17071,"ST",268,377,71.09
17073,"ST",1068,2095,50.98
17075,"RD",1082,2244,48.22
17077,"RD",942,2730,34.51
17079,"ST",473,831,56.92
17081,"RD",637,2227,28.6
17083,"RD",391,1252,31.23
17085,"RD",519,1831,28.35
17087,"LN",281,861,32.64
17089,"DR",1744,8670,20.12
17091,"RD",815,3007,27.1
17093,"DR",544,2595,20.96
17095,"ST",857,1658,51.69
17097,"CT",2788,14166,19.68
17099,"ST",1653,4122,40.1
17101,"ST",256,510,50.2
17103,"RD",497,1431,34.73
17105,"RD",667,1568,42.54
17107,"ST",989,1656,59.72
17109,"ST",824,1506,54.71
17111,"DR",1755,7542,23.27
17113,"RD",1398,4978,28.08
17115,"ST",910,3524,25.82
17117,"ST",1314,3258,40.33
17119,"ST",1899,7748,24.51
17121,"ST",727,1985,36.62
17123,"ST",328,725,45.24
17125,"ST",457,693,65.95
17127,"RD",234,662,35.35
17129,"ST",385,1207,31.9
17131,"ST",549,1040,52.79
17133,"RD",379,1387,27.33
17135,"ST",799,1912,41.79
17137,"RD",594,1570,37.83
17139,"ST",359,592,60.64
17141,"RD",697,2069,33.69
17143,"ST",947,4590,20.63
17145,"RD",556,1213,45.84
17147,"ST",476,1064,44.74
17149,"ST",873,1581,55.22
17151,"RD",211,355,59.44
17153,"RD",227,664,34.19
17155,"ST",223,492,45.33
17157,"ST",782,1829,42.76
17159,"ST",276,916,30.13
17161,"AVE",1102,3111,35.42
17163,"DR",2249,8163,27.55
17165,"RD",559,1285,43.5
17167,"ST",1370,5532,24.77
17169,"RD",327,682,47.95
17171,"RD",227,529,42.91
17173,"ST",515,1077,47.82
17175,"ST",161,329,48.94
17177,"RD",572,1616,35.4
17179,"ST",1221,3752,32.54
17181,"LN",342,1020,33.53
17183,"RD",1424,3407,41.8
17185,"ST",161,450,35.78
17187,"ST",693,1283,54.01
17189,"ST",536,1155,46.41
17191,"ST",289,464,62.28
17193,"ST",438,568,77.11
17195,"RD",624,1846,33.8
17197,"DR",3205,13558,23.64
17199,"ST",1072,3085,34.75
17201,"DR",1331,6072,21.92
17203,"ST",620,1451,42.73
18001,"ST",317,628,50.48
18003,"DR",2131,8310,25.64
18005,"DR",616,1923,32.03
18007,"ST",251,361,69.53
18009,"ST",237,371,63.88
18011,"ST",338,1398,24.18
18013,"RD",383,934,41.01
18015,"ST",316,621,50.89
18017,"ST",438,836,52.39
18019,"DR",721,2873,25.1
18021,"ST",474,729,65.02
18023,"ST",448,731,61.29
18025,"RD",361,709,50.92
18027,"ST",361,713,50.63
18029,"LN",501,1797,27.88
18031,"ST",262,625,41.92
18033,"ST",425,854,49.77
18035,"ST",778,2716,28.65
18037,"ST",495,1142,43.35
18039,"DR",1169,4459,26.22
18041,"ST",203,533,38.09
18043,"DR",574,1935,29.66
18045,"ST",423,877,48.23
18047,"RD",481,921,52.23
18049,"ST",261,555,47.03
18051,"ST",532,1041,51.1
18053,"ST",964,1836,52.51
18055,"ST",491,1163,42.22
18057,"DR",2248,8048,27.93
18059,"DR",530,1912,27.72
18061,"RD",137,392,34.95
18063,"DR",1222,3715,32.89
18065,"ST",535,1130,47.35
18067,"ST",509,1523,33.42
18069,"ST",429,820,52.32
18071,"ST",364,925,39.35
18073,"ST",300,817,36.72
18075,"ST",358,563,63.59
18077,"RD",327,1016,32.19
18079,"ST",175,519,33.72
18081,"DR",1005,3401,29.55
18083,"RD",742,1780,41.69
18085,"ST",811,3040,26.68
18087,"ST",165,309,53.4
18089,"ST",2830,9606,29.46
18091,"ST",802,2744,29.23
18093,"RD",672,1865,36.03
18095,"ST",1391,3596,38.68
18097,"DR",4582,17833,25.69
18099,"RD",688,1819,37.82
18101,"RD",278,609,45.65
18103,"ST",461,977,47.19
18105,"DR",829,3413,24.29
18107,"ST",411,927,44.34
18109,"RD",631,2494,25.3
18111,"ST",281,467,60.17
18113,"ST",490,1136,43.13
18115,"RD",103,201,51.24
18117,"ST",362,735,49.25
18119,"RD",590,1109,53.2
18121,"ST",271,816,33.21
18123,"RD",465,793,58.64
18125,"ST",276,533,51.78
18127,"DR",940,4107,22.89
18129,"RD",503,1157,43.47
18131,"ST",210,354,59.32
18133,"ST",285,788,36.17
18135,"ST",422,667,63.27
18137,"ST",284,693,40.98
18139,"ST",285,443,64.33
18141,"ST",1510,6532,23.12
18143,"RD",245,744,32.93
18145,"ST",349,953,36.62
18147,"ST",269,526,51.14
18149,"ST",309,630,49.05
18151,"LK",365,1064,34.3
18153,"ST",516,753,68.53
18155,"RD",337,548,61.5
18157,"DR",870,3404,25.56
18159,"ST",227,337,67.36
18161,"RD",158,329,48.02
18163,"DR",1040,4157,25.02
18165,"ST",386,586,65.87
18167,"ST",1273,3956,32.18
18169,"ST",403,962,41.89
18171,"ST",175,296,59.12
18173,"RD",585,2033,28.78
18175,"RD",634,1219,52.01
18177,"ST",727,1701,42.74
18179,"ST",262,586,44.71
18181,"ST",388,1019,38.08
18183,"ST",210,785,26.75
19001,"ST",367,584,62.84
19003,"ST",179,388,46.13
19005,"RD",285,802,35.54
19007,"ST",590,1075,54.88
19009,"ST",247,408,60.54
19011,"ST",363,988,36.74
19013,"ST",850,2925,29.06
19015,"ST",531,1007,52.73
19017,"ST",363,778,46.66
19019,"ST",424,789,53.74
19021,"ST",395,654,60.4
19023,"ST",519,809,64.15
19025,"ST",355,602,58.97
19027,"ST",519,861,60.28
19029,"ST",412,707,58.27
19031,"ST",473,962,49.17
19033,"ST",385,1061,36.29
19035,"ST",340,578,58.82
19037,"ST",317,627,50.56
19039,"ST",341,614,55.54
19041,"ST",348,543,64.09
19043,"ST",545,1132,48.14
19045,"ST",578,1278,45.23
19047,"ST",433,802,53.99
19049,"ST",896,2642,33.91
19051,"ST",505,1049,48.14
19053,"ST",586,939,62.41
19055,"ST",560,973,57.55
19057,"ST",672,1446,46.47
19059,"ST",380,926,41.04
19061,"ST",582,2332,24.96
19063,"ST",263,466,56.44
19065,"ST",467,892,52.35
19067,"ST",300,698,42.98
19069,"ST",332,549,60.47
19071,"ST",366,642,57.01
19073,"ST",410,635,64.57
19075,"ST",309,556,55.58
19077,"ST",439,913,48.08
19079,"ST",363,650,55.85
19081,"ST",271,498,54.42
19083,"ST",524,900,58.22
19085,"ST",498,1099,45.31
19087,"ST",603,1121,53.79
19089,"ST",224,412,54.37
19091,"ST",261,475,54.95
19093,"ST",228,398,57.29
19095,"ST",439,924,47.51
19097,"ST",620,1124,55.16
19099,"ST",461,714,64.57
19101,"ST",382,975,39.18
19103,"ST",597,2614,22.84
19105,"ST",495,1026,48.25
19107,"ST",678,1062,63.84
19109,"ST",503,809,62.18
19111,"ST",572,1121,51.03
19113,"RD",673,2725,24.7
19115,"ST",458,715,64.06
19117,"ST",349,756,46.16
19119,"ST",273,516,52.91
19121,"ST",356,1015,35.07
19123,"ST",602,1105,54.48
19125,"ST",633,1271,49.8
19127,"ST",565,1103,51.22
19129,"ST",338,744,45.43
19131,"ST",378,556,67.99
19133,"ST",451,715,63.08
19135,"ST",282,654,43.12
19137,"ST",382,660,57.88
19139,"ST",703,1493,47.09
19141,"ST",286,504,56.75
19143,"ST",174,321,54.21
19145,"ST",620,1041,59.56
19147,"ST",325,546,59.52
19149,"ST",348,716,48.6
19151,"ST",299,463,64.58
19153,"ST",2840,8266,34.36
19155,"ST",987,2712,36.39
19157,"ST",585,1130,51.77
19159,"ST",363,604,60.1
19161,"ST",427,647,66
19163,"ST",1553,4035,38.49
19165,"ST",375,652,57.52
19167,"ST",346,646,53.56
19169,"ST",699,2191,31.9
19171,"ST",639,976,65.47
19173,"ST",419,686,61.08
19175,"ST",443,773,57.31
19177,"ST",425,742,57.28
19179,"ST",624,1256,49.68
19181,"ST",729,1755,41.54
19183,"ST",453,987,45.9
19185,"ST",454,699,64.95
19187,"ST",648,1185,54.68
19189,"ST",233,433,53.81
19191,"ST",400,977,40.94
19193,"ST",1332,2451,54.35
19195,"ST",244,433,56.35
19197,"ST",293,557,52.6
20001,"ST",581,866,67.09
20003,"RD",534,831,64.26
20005,"RD",459,848,54.13
20007,"RD",312,599,52.09
20009,"ST",404,1042,38.77
20011,"ST",635,1068,59.46
20013,"ST",439,719,61.06
20015,"ST",999,2708,36.89
20017,"RD",293,421,69.6
20019,"ST",191,417,45.8
20021,"ST",611,1383,44.18
20023,"ST",76,108,70.37
20025,"ST",123,204,60.29
20027,"RD",251,515,48.74
20029,"RD",373,675,55.26
20031,"ST",343,866,39.61
20033,"ST",79,170,46.47
20035,"RD",741,1760,42.1
20037,"ST",982,1570,62.55
20039,"RD",98,333,29.43
20041,"ST",466,1055,44.17
20043,"RD",403,772,52.2
20045,"RD",1100,2977,36.95
20047,"AVE",173,365,47.4
20049,"ST",204,386,52.85
20051,"ST",394,972,40.53
20053,"RD",186,469,39.66
20055,"RD",338,1105,30.59
20057,"RD",492,1107,44.44
20059,"ST",386,1005,38.41
20061,"ST",237,910,26.04
20063,"ST",117,152,76.97
20065,"AVE",247,633,39.02
20067,"ST",97,263,36.88
20069,"RD",211,416,50.72
20071,"RD",61,144,42.36
20073,"ST",727,1389,52.34
20075,"ST",80,102,78.43
20077,"AVE",264,678,38.94
20079,"ST",494,1141,43.3
20081,"AVE",54,138,39.13
20083,"RD",265,344,77.03
20085,"RD",409,751,54.46
20087,"ST",536,1238,43.3
20089,"RD",374,564,66.31
20091,"ST",7402,14684,50.41
20093,"ST",63,165,38.18
20095,"ST",379,755,50.2
20097,"ST",333,629,52.94
20099,"RD",397,1002,39.62
20101,"RD",80,153,52.29
20103,"ST",1185,2415,49.07
20105,"RD",113,361,31.3
20107,"RD",499,1306,38.21
20109,"AVE",59,138,42.75
20111,"ST",367,773,47.48
20113,"ST",475,1110,42.79
20115,"ST",529,919,57.56
20117,"RD",426,911,46.76
20119,"RD",291,471,61.78
20121,"ST",610,1317,46.32
20123,"RD",329,702,46.87
20125,"ST",784,1453,53.96
20127,"ST",254,659,38.54
20129,"ST",74,213,34.74
20131,"RD",681,1012,67.29
20133,"RD",312,767,40.68
20135,"RD",372,563,66.07
20137,"ST",119,253,47.04
20139,"ST",602,1016,59.25
20141,"AVE",255,695,36.69
20143,"RD",445,679,65.54
20145,"ST",126,324,38.89
20147,"RD",411,667,61.62
20149,"RD",562,1313,42.8
20151,"ST",355,610,58.2
20153,"ST",57,101,56.44
20155,"RD",758,2524,30.03
20157,"RD",225,449,50.11
20159,"ST",207,536,38.62
20161,"RD",481,2041,23.57
20163,"RD",316,548,57.66
20165,"ST",142,223,63.68
20167,"ST",513,1103,46.51
20169,"RD",533,1639,32.52
20171,"RD",101,257,39.3
20173,"ST",4427,10368,42.7
20175,"RD",143,569,25.13
20177,"ST",1464,4143,35.34
20179,"ST",44,86,51.16
20181,"ST",73,159,45.91
20183,"RD",374,550,68
20185,"ST",197,440,44.77
20187,"AVE",43,98,43.88
20189,"ST",110,226,48.67
20191,"ST",517,1247,41.46
20193,"ST",132,289,45.67
20195,"AVE",169,396,42.68
20197,"RD",401,654,61.31
20199,"RD",120,218,55.05
20201,"RD",366,667,54.87
20203,"ST",113,141,80.14
20205,"RD",553,933,59.27
20207,"RD",378,558,67.74
20209,"ST",2220,5648,39.31
21001,"RD",1135,1620,70.06
21003,"RD",632,1225,51.59
21005,"RD",223,624,35.74
21007,"RD",280,539,51.95
21009,"RD",772,1549,49.84
21011,"RD",408,640,63.75
21013,"RD",1084,1921,56.43
21015,"DR",704,2429,28.98
21017,"RD",194,576,33.68
21019,"ST",526,1967,26.74
21021,"RD",218,864,25.23
21023,"RD",240,454,52.86
21025,"RD",563,919,61.26
21027,"RD",879,1683,52.23
21029,"DR",532,2088,25.48
21031,"RD",714,898,79.51
21033,"RD",514,858,59.91
21035,"DR",635,2023,31.39
21037,"DR",340,1748,19.45
21039,"RD",100,166,60.24
21041,"RD",126,371,33.96
21043,"RD",1097,2146,51.12
21045,"RD",589,809,72.81
21047,"RD",789,2557,30.86
21049,"LN",227,1067,21.27
21051,"RD",895,1118,80.05
21053,"RD",404,629,64.23
21055,"RD",490,723,67.77
21057,"RD",648,790,82.03
21059,"RD",475,2202,21.57
21061,"RD",462,762,60.63
21063,"RD",542,651,83.26
21065,"RD",523,871,60.05
21067,"DR",1028,4810,21.37
21069,"RD",345,750,46
21071,"RD",845,2077,40.68
21073,"DR",326,1414,23.06
21075,"ST",157,430,36.51
21077,"RD",108,304,35.53
21079,"RD",313,724,43.23
21081,"RD",297,689,43.11
21083,"RD",586,1211,48.39
21085,"RD",847,1616,52.41
21087,"RD",752,969,77.61
21089,"RD",807,2431,33.2
21091,"RD",198,425,46.59
21093,"CT",575,3074,18.71
21095,"RD",1088,2524,43.11
21097,"RD",283,809,34.98
21099,"RD",574,892,64.35
21101,"RD",380,1254,30.3
21103,"RD",307,728,42.17
21105,"RD",282,389,72.49
21107,"RD",553,1963,28.17
21109,"RD",661,766,86.29
21111,"CT",2639,12368,21.34
21113,"DR",379,1382,27.42
21115,"RD",526,974,54
21117,"DR",821,3264,25.15
21119,"RD",511,1056,48.39
21121,"RD",856,1924,44.49
21123,"RD",400,648,61.73
21125,"RD",1366,2741,49.84
21127,"RD",634,1087,58.33
21129,"RD",532,696,76.44
21131,"RD",555,1103,50.32
21133,"RD",782,1887,41.44
21135,"RD",416,885,47.01
21137,"RD",477,1021,46.72
21139,"RD",407,821,49.57
21141,"RD",955,1636,58.37
21143,"RD",357,742,48.11
21145,"DR",488,2081,23.45
21147,"RD",1426,1706,83.59
21149,"RD",202,478,42.26
21151,"DR",831,2378,34.95
21153,"RD",921,1048,87.88
21155,"RD",454,838,54.18
21157,"RD",631,1928,32.73
21159,"RD",412,783,52.62
21161,"RD",181,783,23.12
21163,"RD",443,1148,38.59
21165,"RD",403,630,63.97
21167,"RD",233,796,29.27
21169,"RD",550,681,80.76
21171,"RD",649,875,74.17
21173,"DR",200,887,22.55
21175,"RD",969,1265,76.6
21177,"LN",500,1532,32.64
21179,"RD",287,1269,22.62
21181,"RD",204,375,54.4
21183,"RD",474,1314,36.07
21185,"CT",424,1741,24.35
21187,"RD",276,631,43.74
21189,"RD",408,461,88.5
21191,"RD",336,673,49.93
21193,"LN",642,1950,32.92
21195,"RD",965,2024,47.68
21197,"RD",350,690,50.72
21199,"RD",1589,3807,41.74
21201,"RD",103,148,69.59
21203,"RD",617,1146,53.84
21205,"RD",638,1322,48.26
21207,"RD",736,1327,55.46
21209,"DR",290,1454,19.94
21211,"RD",307,1013,30.31
21213,"RD",312,663,47.06
21215,"RD",204,672,30.36
21217,"RD",600,1302,46.08
21219,"RD",446,762,58.53
21221,"RD",566,1226,46.17
21223,"RD",232,510,45.49
21225,"RD",378,710,53.24
21227,"RD",594,2479,23.96
21229,"LN",207,530,39.06
21231,"RD",695,1484,46.83
21233,"RD",358,728,49.18
21235,"RD",922,1712,53.86
21237,"RD",467,599,77.96
21239,"RD",161,672,23.96
22001,"RD",572,2147,26.64
22003,"RD",724,1339,54.07
22005,"RD",1035,3351,30.89
22007,"ST",319,682,46.77
22009,"RD",454,1483,30.61
22011,"RD",1615,2478,65.17
22013,"RD",690,1123,61.44
22015,"RD",648,2850,22.74
22017,"ST",1667,6487,25.7
22019,"ST",1851,5533,33.45
22021,"RD",554,993,55.79
22023,"RD",413,861,47.97
22025,"RD",540,808,66.83
22027,"RD",589,1084,54.34
22029,"RD",372,817,45.53
22031,"RD",718,1597,44.96
22033,"DR",2742,7662,35.79
22035,"RD",174,332,52.41
22037,"LN",216,609,35.47
22039,"RD",654,1733,37.74
22041,"RD",586,1081,54.21
22043,"RD",582,927,62.78
22045,"ST",805,2078,38.74
22047,"ST",379,865,43.82
22049,"RD",603,1126,53.55
22051,"ST",1954,5506,35.49
22053,"RD",506,1217,41.58
22055,"DR",1850,5873,31.5
22057,"ST",1202,2616,45.95
22059,"RD",1051,2132,49.3
22061,"RD",501,1662,30.14
22063,"RD",977,3489,28
22065,"ST",211,438,48.17
22067,"RD",582,1373,42.39
22069,"RD",1067,1862,57.3
22071,"ST",1886,3812,49.48
22073,"RD",994,3851,25.81
22075,"LN",526,1159,45.38
22077,"ST",228,720,31.67
22079,"RD",1460,4170,35.01
22081,"RD",302,503,60.04
22083,"RD",602,1149,52.39
22085,"RD",789,2487,31.72
22087,"DR",297,866,34.3
22089,"ST",324,1054,30.74
22091,"LN",428,825,51.88
22093,"ST",430,816,52.7
22095,"ST",336,1112,30.22
22097,"RD",1125,3502,32.12
22099,"RD",571,1638,34.86
22101,"ST",1169,2397,48.77
22103,"RD",1834,7821,23.45
22105,"RD",1466,4325,33.9
22107,"RD",160,325,49.23
22109,"ST",884,2947,30
22111,"RD",1048,1603,65.38
22113,"RD",1130,2241,50.42
22115,"RD",1603,2911,55.07
22117,"RD",1307,2201,59.38
22119,"RD",717,1908,37.58
22121,"LN",202,823,24.54
22123,"RD",332,640,51.88
22125,"RD",217,435,49.89
22127,"RD",934,1311,71.24
23003,"RD",2238,3990,56.09
23005,"RD",3868,11718,33.01
23007,"RD",1648,2852,57.78
23009,"RD",2592,6198,41.82
23011,"RD",2027,5999,33.79
23013,"RD",1139,2802,40.65
23015,"RD",1767,3239,54.55
23017,"RD",2421,4650,52.06
23019,"RD",2315,5748,40.27
23021,"RD",1311,2032,64.52
23023,"RD",675,2150,31.4
23025,"RD",1877,3735,50.25
23027,"RD",1348,2568,52.49
23029,"RD",1688,3280,51.46
23031,"RD",2762,9837,28.08
24001,"ST",667,2237,29.82
24003,"RD",3473,13728,25.3
24005,"RD",4029,12828,31.41
24009,"RD",649,3059,21.22
24011,"RD",397,1016,39.07
24013,"DR",1552,4681,33.16
24015,"RD",831,3147,26.41
24017,"PL",1563,5072,30.82
24019,"RD",543,1164,46.65
24021,"CT",1456,6281,23.18
24023,"RD",693,1885,36.76
24025,"CT",1581,5389,29.34
24027,"CT",1371,5157,26.59
24029,"RD",411,950,43.26
24031,"CT",2572,12532,20.52
24033,"CT",2444,12374,19.75
24035,"LN",633,2036,31.09
24037,"LN",1209,4232,28.57
24039,"RD",403,928,43.43
24041,"RD",633,1783,35.5
24043,"RD",718,3130,22.94
24045,"DR",525,2524,20.8
24047,"RD",588,2109,27.88
24510,"AVE",1914,5568,34.38
25001,"RD",4333,12918,33.54
25003,"RD",1638,4479,36.57
25005,"ST",4286,10745,39.89
25007,"RD",745,2398,31.07
25009,"ST",4700,15262,30.8
25011,"RD",1360,2595,52.41
25013,"ST",3347,8733,38.33
25015,"RD",964,3359,28.7
25017,"ST",7831,26920,29.09
25019,"RD",349,1205,28.96
25021,"ST",3675,12870,28.55
25023,"ST",3076,12616,24.38
25025,"ST",3460,6708,51.58
25027,"ST",5428,17167,31.62
26001,"RD",586,1157,50.65
26003,"RD",722,1061,68.05
26005,"ST",1177,3519,33.45
26007,"RD",513,1078,47.59
26009,"RD",625,1967,31.77
26011,"RD",506,968,52.27
26013,"RD",577,893,64.61
26015,"RD",706,2245,31.45
26017,"RD",729,2478,29.42
26019,"RD",559,1405,39.79
26021,"ST",1156,4784,24.16
26023,"RD",556,1622,34.28
26025,"ST",822,2806,29.29
26027,"ST",730,1934,37.75
26029,"RD",688,1824,37.72
26031,"RD",934,2175,42.94
26033,"RD",1295,2306,56.16
26035,"RD",624,1953,31.95
26037,"RD",582,1649,35.29
26039,"RD",653,2124,30.74
26041,"RD",718,1475,48.68
26043,"RD",472,1368,34.5
26045,"DR",567,2363,23.99
26047,"RD",586,1780,32.92
26049,"DR",2316,7993,28.98
26051,"RD",549,1455,37.73
26053,"RD",585,1382,42.33
26055,"DR",776,2794,27.77
26057,"RD",531,1174,45.23
26059,"RD",501,1441,34.77
26061,"RD",854,1976,43.22
26063,"RD",551,1477,37.31
26065,"ST",1051,4423,23.76
26067,"ST",586,1840,31.85
26069,"RD",804,2006,40.08
26071,"RD",567,1163,48.75
26073,"RD",523,1533,34.12
26075,"RD",1101,3801,28.97
26077,"ST",1360,5061,26.87
26079,"RD",384,738,52.03
26081,"DR",680,1961,34.68
26083,"RD",214,407,52.58
26085,"RD",700,2188,31.99
26087,"RD",702,2148,32.68
26089,"RD",638,1714,37.22
26091,"ST",624,2461,25.36
26093,"DR",1764,4887,36.1
26095,"RD",310,526,58.94
26097,"RD",561,1228,45.68
26099,"DR",5336,13377,39.89
26101,"RD",786,1676,46.9
26103,"RD",829,2425,34.19
26105,"RD",744,1485,50.1
26107,"AVE",479,2018,23.74
26109,"RD",472,1190,39.66
26111,"RD",627,2163,28.99
26113,"RD",700,1081,64.75
26115,"DR",765,2941,26.01
26117,"RD",1118,2789,40.09
26119,"RD",567,1355,41.85
26121,"RD",1026,3932,26.09
26123,"ST",817,2680,30.49
26125,"DR",6709,23588,28.44
26127,"RD",666,1802,36.96
26129,"RD",743,1808,41.1
26131,"RD",346,663,52.19
26133,"RD",579,1562,37.07
26135,"RD",544,1185,45.91
26137,"RD",506,1803,28.06
26139,"DR",1541,5236,29.43
26141,"RD",453,1408,32.17
26143,"RD",689,2408,28.61
26145,"ST",1232,3854,31.97
26147,"ST",731,2881,25.37
26149,"RD",672,1953,34.41
26151,"RD",712,1435,49.62
26153,"RD",402,718,55.99
26155,"ST",600,1698,35.34
26157,"RD",765,1544,49.55
26159,"ST",934,2316,40.33
26161,"DR",1748,6893,25.36
26163,"ST",9211,21795,42.26
26165,"RD",862,1710,50.41
27001,"PL",549,2116,25.95
27003,"ST",338,1636,20.66
27005,"RD",562,1874,29.99
27007,"RD",173,338,51.18
27009,"ST",63,257,24.51
27011,"ST",271,618,43.85
27013,"ST",826,2588,31.92
27015,"ST",401,769,52.15
27017,"RD",722,1467,49.22
27019,"DR",399,2537,15.73
27021,"RD",263,926,28.4
27023,"ST",136,301,45.18
27025,"ST",699,2070,33.77
27027,"ST",166,446,37.22
27029,"ST",216,745,28.99
27031,"RD",350,687,50.95
27033,"ST",231,469,49.25
27035,"RD",1043,3543,29.44
27037,"CT",1279,6658,19.21
27039,"ST",259,514,50.39
27041,"ST",199,677,29.39
27043,"ST",471,775,60.77
27045,"ST",488,1274,38.3
27047,"ST",548,1350,40.59
27049,"ST",612,1972,31.03
27051,"ST",283,559,50.63
27053,"RD",1603,9667,16.58
27055,"RD",295,906,32.56
27057,"DR",553,1683,32.86
27059,"ST",52,223,23.32
27061,"RD",1201,2490,48.23
27063,"ST",296,635,46.61
27065,"ST",280,812,34.48
27067,"ST",100,364,27.47
27069,"ST",166,336,49.4
27071,"RD",157,394,39.85
27073,"ST",343,616,55.68
27075,"RD",577,919,62.79
27077,"RD",38,100,38
27079,"ST",431,1296,33.26
27081,"ST",252,425,59.29
27083,"ST",601,1175,51.15
27085,"ST",269,691,38.93
27087,"AVE",168,413,40.68
27089,"ST",158,353,44.76
27091,"ST",489,911,53.68
27093,"ST",510,1084,47.05
27095,"ST",363,1061,34.21
27097,"ST",455,1720,26.45
27099,"ST",537,1023,52.49
27101,"ST",293,656,44.66
27103,"ST",278,985,28.22
27105,"AVE",341,760,44.87
27107,"ST",229,438,52.28
27109,"ST",61,305,20
27111,"AVE",1235,4713,26.2
27113,"AVE",101,323,31.27
27115,"RD",954,1932,49.38
27117,"ST",173,334,51.8
27119,"ST",282,672,41.96
27121,"ST",420,901,46.61
27123,"ST",1796,6123,29.33
27125,"ST",36,94,38.3
27127,"ST",487,814,59.83
27129,"ST",320,696,45.98
27131,"AVE",395,1511,26.14
27133,"ST",398,676,58.88
27135,"AVE",442,982,45.01
27137,"RD",3326,6516,51.04
27139,"ST",380,2260,16.81
27141,"ST",553,1478,37.42
27143,"ST",382,830,46.02
27145,"ST",923,3469,26.61
27147,"ST",211,462,45.67
27149,"ST",252,545,46.24
27151,"ST",179,393,45.55
27153,"AVE",411,1324,31.04
27155,"ST",156,295,52.88
27157,"ST",472,1099,42.95
27159,"AVE",255,665,38.35
27161,"ST",301,640,47.03
27163,"DR",365,2382,15.32
27165,"ST",181,407,44.47
27167,"AVE",242,498,48.59
27169,"ST",395,1411,27.99
27171,"ST",279,1358,20.54
27173,"ST",250,518,48.26
28001,"RD",419,1194,35.09
28003,"ST",221,619,35.7
28005,"RD",355,661,53.71
28007,"RD",162,414,39.13
28009,"RD",355,524,67.75
28011,"RD",599,1507,39.75
28013,"ST",188,491,38.29
28015,"RD",203,317,64.04
28017,"ST",158,335,47.16
28019,"RD",449,597,75.21
28021,"RD",268,470,57.02
28023,"ST",142,449,31.63
28025,"RD",455,850,53.53
28027,"RD",370,939,39.4
28029,"LN",505,1357,37.21
28031,"RD",502,1149,43.69
28033,"DR",1511,4142,36.48
28035,"RD",631,2476,25.48
28037,"RD",284,400,71
28039,"RD",678,1292,52.48
28041,"RD",630,1137,55.41
28043,"RD",529,1076,49.16
28045,"ST",926,2562,36.14
28047,"DR",1402,6052,23.17
28049,"DR",1478,5239,28.21
28051,"RD",505,954,52.94
28053,"RD",388,623,62.28
28055,"RD",188,210,89.52
28057,"RD",857,1278,67.06
28059,"RD",1042,4162,25.04
28061,"ST",69,210,32.86
28063,"RD",382,547,69.84
28065,"RD",414,985,42.03
28067,"RD",1286,2619,49.1
28069,"RD",788,916,86.03
28071,"DR",285,975,29.23
28073,"RD",851,2459,34.61
28075,"RD",705,2072,34.03
28077,"LN",365,926,39.42
28079,"RD",608,889,68.39
28081,"DR",768,2317,33.15
28083,"ST",324,796,40.7
28085,"ST",191,376,50.8
28087,"RD",664,1962,33.84
28089,"DR",723,3319,21.78
28091,"LN",416,1227,33.9
28093,"RD",543,1182,45.94
28095,"RD",493,1468,33.58
28097,"RD",268,569,47.1
28099,"RD",131,467,28.05
28101,"RD",512,887,57.72
28103,"RD",370,606,61.06
28105,"RD",574,1454,39.48
28107,"RD",652,1214,53.71
28109,"RD",1250,3333,37.5
28111,"RD",486,900,54
28113,"RD",495,1545,32.04
28115,"RD",303,1003,30.21
28117,"ST",181,510,35.49
28119,"RD",405,625,64.8
28121,"DR",1267,4627,27.38
28123,"RD",566,1004,56.37
28125,"RD",199,335,59.4
28127,"RD",993,1942,51.13
28129,"ST",84,260,32.31
28131,"RD",568,953,59.6
28133,"RD",540,1165,46.35
28135,"RD",326,737,44.23
28137,"RD",439,873,50.29
28139,"ST",138,333,41.44
28141,"ST",188,584,32.19
28143,"RD",279,509,54.81
28145,"DR",120,472,25.42
28147,"RD",576,724,79.56
28149,"DR",430,1646,26.12
28151,"ST",609,1644,37.04
28153,"DR",512,1135,45.11
28155,"RD",345,520,66.35
28157,"LN",210,594,35.35
28159,"RD",594,841,70.63
28161,"RD",227,567,40.04
28163,"RD",404,998,40.48
29001,"ST",373,1192,31.29
29003,"ST",238,443,53.72
29005,"ST",393,618,63.59
29007,"ST",406,605,67.11
29009,"RD",358,1325,27.02
29011,"RD",249,753,33.07
29013,"ST",410,917,44.71
29015,"RD",738,2785,26.5
29017,"ST",103,184,55.98
29019,"DR",1349,4529,29.79
29021,"ST",877,2132,41.14
29023,"LN",379,1299,29.18
29025,"DR",294,864,34.03
29027,"DR",390,1447,26.95
29029,"DR",1653,5441,30.38
29031,"LN",760,2495,30.46
29033,"ST",268,355,75.49
29035,"ST",103,288,35.76
29037,"ST",1578,4263,37.02
29039,"RD",1171,1587,73.79
29041,"RD",350,1050,33.33
29043,"RD",904,3487,25.92
29045,"ST",228,301,75.75
29047,"ST",2649,7570,34.99
29049,"ST",449,1033,43.47
29051,"DR",581,2286,25.42
29053,"ST",192,783,24.52
29055,"RD",470,1230,38.21
29057,"ST",187,307,60.91
29059,"RD",411,1147,35.83
29061,"ST",591,1120,52.77
29063,"RD",416,728,57.14
29065,"ST",170,295,57.63
29067,"AVE",79,229,34.5
29069,"ST",703,1123,62.6
29071,"DR",1239,4616,26.84
29073,"RD",404,900,44.89
29075,"ST",485,848,57.19
29077,"ST",2011,6755,29.77
29079,"ST",550,965,56.99
29081,"ST",509,1037,49.08
29083,"RD",795,1387,57.32
29085,"ST",105,355,29.58
29087,"ST",189,475,39.79
29089,"ST",185,305,60.66
29091,"ST",376,857,43.87
29093,"RD",215,557,38.6
29095,"ST",5482,17581,31.18
29097,"ST",1191,3798,31.36
29099,"DR",3193,8459,37.75
29101,"RD",1197,2022,59.2
29103,"ST",129,164,78.66
29105,"DR",445,1405,31.67
29107,"ST",589,1541,38.22
29109,"ST",497,987,50.35
29111,"ST",513,752,68.22
29113,"DR",692,2669,25.93
29115,"ST",414,1083,38.23
29117,"ST",300,471,63.69
29119,"RD",591,1643,35.97
29121,"ST",588,1231,47.77
29123,"ST",108,226,47.79
29125,"ST",61,162,37.65
29127,"ST",380,835,45.51
29129,"ST",262,659,39.76
29131,"RD",777,1514,51.32
29133,"ST",353,669,52.77
29135,"RD",365,814,44.84
29137,"ST",195,262,74.43
29139,"RD",453,1098,41.26
29141,"RD",1040,2209,47.08
29143,"ST",398,785,50.7
29145,"LN",715,2626,27.23
29147,"ST",896,1457,61.5
29149,"ST",135,231,58.44
29151,"LN",413,836,49.4
29153,"DR",124,333,37.24
29155,"ST",363,603,60.2
29157,"LN",265,683,38.8
29159,"RD",567,1370,41.39
29161,"RD",341,1266,26.94
29163,"ST",332,542,61.25
29165,"ST",1007,4021,25.04
29167,"RD",1176,1839,63.95
29169,"LN",466,1743,26.74
29171,"ST",251,623,40.29
29173,"RD",177,896,19.75
29175,"ST",353,602,58.64
29177,"ST",605,1310,46.18
29179,"ST",69,187,36.9
29181,"ST",125,220,56.82
29183,"DR",4007,10731,37.34
29185,"RD",630,939,67.09
29186,"RD",274,868,31.57
29187,"ST",802,2819,28.45
29189,"DR",8281,22139,37.4
29195,"AVE",396,1576,25.13
29197,"ST",181,403,44.91
29199,"ST",126,293,43
29201,"ST",535,1331,40.2
29203,"ST",119,286,41.61
29205,"ST",224,305,73.44
29207,"ST",515,1176,43.79
29209,"LN",1013,2856,35.47
29211,"RD",338,824,41.02
29213,"RD",899,3055,29.43
29215,"RD",424,1343,31.57
29217,"RD",1560,2317,67.33
29219,"DR",687,2141,32.09
29221,"RD",982,1659,59.19
29223,"ST",195,499,39.08
29225,"RD",538,1674,32.14
29227,"ST",137,252,54.37
29229,"RD",411,1091,37.67
29510,"AVE",1439,3169,45.41
30001,"RD",532,1019,52.21
30003,"RD",326,631,51.66
30005,"RD",462,693,66.67
30007,"RD",283,583,48.54
30009,"RD",619,1434,43.17
30011,"RD",273,351,77.78
30013,"RD",434,1376,31.54
30015,"RD",510,874,58.35
30017,"ST",175,507,34.52
30019,"RD",234,316,74.05
30021,"ST",117,342,34.21
30023,"RD",183,478,38.28
30025,"RD",84,236,35.59
30027,"RD",441,1073,41.1
30029,"RD",1139,4073,27.96
30031,"RD",1250,4507,27.73
30033,"RD",176,233,75.54
30035,"RD",336,515,65.24
30037,"RD",135,191,70.68
30039,"RD",390,874,44.62
30041,"RD",236,569,41.48
30043,"RD",580,1223,47.42
30045,"RD",426,599,71.12
30047,"LN",819,2027,40.4
30049,"RD",879,2836,30.99
30051,"RD",152,216,70.37
30053,"RD",1023,2022,50.59
30055,"RD",175,296,59.12
30057,"RD",573,1281,44.73
30059,"RD",228,408,55.88
30061,"RD",286,590,48.47
30063,"RD",879,3740,23.5
30065,"RD",295,459,64.27
30067,"RD",560,1353,41.39
30069,"RD",72,115,62.61
30071,"RD",213,370,57.57
30073,"RD",401,602,66.61
30075,"RD",258,348,74.14
30077,"RD",498,880,56.59
30079,"RD",95,186,51.08
30081,"LN",879,2851,30.83
30083,"ST",54,139,38.85
30085,"ST",111,351,31.62
30087,"RD",343,685,50.07
30089,"RD",594,1597,37.19
30091,"RD",265,503,52.68
30093,"ST",512,1589,32.22
30095,"RD",497,859,57.86
30097,"RD",176,322,54.66
30099,"RD",147,223,65.92
30101,"RD",307,535,57.38
30103,"RD",90,122,73.77
30105,"RD",512,842,60.81
30107,"RD",196,316,62.03
30109,"RD",83,121,68.6
30111,"DR",929,4349,21.36
31001,"AVE",415,996,41.67
31003,"RD",265,752,35.24
31005,"RD",47,92,51.09
31007,"RD",19,33,57.58
31009,"RD",54,102,52.94
31011,"ST",399,651,61.29
31013,"ST",130,434,29.95
31015,"RD",170,451,37.69
31017,"ST",114,196,58.16
31019,"RD",548,1728,31.71
31021,"ST",190,300,63.33
31023,"ST",255,450,56.67
31025,"ST",576,1238,46.53
31027,"AVE",260,706,36.83
31029,"AVE",160,484,33.06
31031,"RD",230,546,42.12
31033,"ST",156,336,46.43
31035,"ST",267,397,67.25
31037,"ST",218,293,74.4
31039,"ST",183,401,45.64
31041,"RD",406,867,46.83
31043,"ST",358,666,53.75
31045,"RD",249,453,54.97
31047,"ST",331,569,58.17
31049,"ST",44,69,63.77
31051,"AVE",244,650,37.54
31053,"ST",474,952,49.79
31055,"ST",5569,11868,46.92
31057,"RD",73,195,37.44
31059,"ST",229,339,67.55
31061,"RD",357,540,66.11
31063,"ST",98,214,45.79
31065,"ST",189,235,80.43
31067,"ST",518,1188,43.6
31069,"ST",52,87,59.77
31071,"AVE",102,235,43.4
31073,"ST",24,78,30.77
31075,"LN",65,155,41.94
31077,"AVE",153,419,36.52
31079,"ST",501,1489,33.65
31081,"RD",211,475,44.42
31083,"RD",424,683,62.08
31085,"ST",26,58,44.83
31087,"ST",104,181,57.46
31089,"RD",483,1185,40.76
31091,"AVE",32,77,41.56
31093,"AVE",180,542,33.21
31095,"ST",196,516,37.98
31097,"RD",137,402,34.08
31099,"RD",167,438,38.13
31101,"ST",228,526,43.35
31103,"RD",110,277,39.71
31105,"ST",148,189,78.31
31107,"AVE",348,993,35.05
31109,"ST",2905,6599,44.02
31111,"RD",882,1746,50.52
31113,"ST",26,62,41.94
31115,"RD",74,158,46.84
31117,"RD",57,104,54.81
31119,"ST",365,1130,32.3
31121,"RD",280,552,50.72
31123,"ST",122,164,74.39
31125,"ST",349,724,48.2
31127,"ST",211,544,38.79
31129,"ST",199,233,85.41
31131,"RD",349,796,43.84
31133,"ST",158,414,38.16
31135,"ST",47,140,33.57
31137,"RD",174,383,45.43
31139,"ST",209,579,36.1
31141,"ST",533,1242,42.91
31143,"ST",129,260,49.62
31145,"ST",201,322,62.42
31147,"ST",268,878,30.52
31149,"RD",127,324,39.2
31151,"ST",291,507,57.4
31153,"ST",1665,4511,36.91
31155,"ST",469,810,57.9
31157,"ST",376,1217,30.9
31159,"ST",269,580,46.38
31161,"RD",308,905,34.03
31163,"RD",275,656,41.92
31165,"RD",259,283,91.52
31167,"RD",166,422,39.34
31169,"ST",217,322,67.39
31171,"ST",40,121,33.06
31173,"RD",183,544,33.64
31175,"RD",219,609,35.96
31177,"LN",288,872,33.03
31179,"ST",140,365,38.36
31181,"ST",139,219,63.47
31183,"AVE",88,195,45.13
31185,"ST",209,493,42.39
32001,"RD",274,967,28.34
32003,"ST",11390,52271,21.79
32005,"CT",446,2025,22.02
32007,"ST",530,2387,22.2
32009,"RD",106,243,43.62
32011,"ST",139,329,42.25
32013,"RD",488,1351,36.12
32015,"RD",157,503,31.21
32017,"RD",354,656,53.96
32019,"ST",413,2376,17.38
32021,"RD",183,505,36.24
32023,"ST",1047,3819,27.42
32027,"RD",333,621,53.62
32029,"RD",158,271,58.3
32031,"CT",2656,10616,25.02
32033,"ST",208,621,33.49
32510,"DR",391,1402,27.89
33001,"RD",1317,3252,40.5
33003,"RD",2288,4488,50.98
33005,"RD",1649,3207,51.42
33007,"RD",1387,2696,51.45
33009,"RD",2859,5769,49.56
33011,"RD",3226,10869,29.68
33013,"RD",2316,5236,44.23
33015,"RD",2931,9048,32.39
33017,"RD",1052,3595,29.26
33019,"RD",1370,2533,54.09
34001,"AVE",2635,6467,40.75
34003,"AVE",2797,12821,21.82
34005,"RD",1865,9907,18.83
34007,"AVE",3025,8665,34.91
34009,"AVE",1078,3359,32.09
34011,"RD",651,2902,22.43
34013,"ST",1470,6383,23.03
34015,"AVE",1520,6078,25.01
34017,"ST",921,2259,40.77
34019,"RD",1260,3469,36.32
34021,"AVE",1115,5778,19.3
34023,"ST",2273,11904,19.09
34025,"DR",2231,13292,16.78
34027,"RD",2660,10678,24.91
34029,"DR",2627,13666,19.22
34031,"AVE",1073,5488,19.55
34033,"RD",512,1575,32.51
34035,"RD",1262,6593,19.14
34037,"RD",1441,4420,32.6
34039,"AVE",1387,5591,24.81
34041,"RD",833,2749,30.3
35001,"RD",921,3123,29.49
35003,"RD",346,872,39.68
35005,"RD",1242,2693,46.12
35006,"RD",878,1754,50.06
35007,"RD",439,1335,32.88
35009,"ST",365,1127,32.39
35011,"RD",318,557,57.09
35013,"RD",1445,5759,25.09
35015,"RD",839,2256,37.19
35017,"RD",794,1980,40.1
35019,"RD",279,465,60
35021,"RD",245,330,74.24
35023,"RD",409,761,53.75
35025,"ST",770,2430,31.69
35027,"RD",601,2036,29.52
35028,"ST",160,414,38.65
35029,"RD",738,1453,50.79
35031,"RD",1196,2332,51.29
35033,"RD",163,305,53.44
35035,"RD",762,2918,26.11
35037,"ST",218,560,38.93
35039,"RD",387,1105,35.02
35041,"ST",158,416,37.98
35043,"RD",753,2027,37.15
35045,"ST",457,2058,22.21
35047,"RD",497,1345,36.95
35049,"RD",1318,4060,32.46
35051,"RD",501,1092,45.88
35053,"RD",443,838,52.86
35055,"RD",1210,1934,62.56
35057,"RD",674,1684,40.02
35059,"RD",449,684,65.64
35061,"RD",911,2987,30.5
36001,"RD",1388,6604,21.02
36003,"RD",1366,2084,65.55
36005,"AVE",1011,2397,42.18
36007,"RD",1345,3956,34
36009,"RD",1660,3196,51.94
36011,"RD",1115,2289,48.71
36013,"RD",1269,3886,32.66
36015,"RD",668,2057,32.47
36017,"RD",1124,2150,52.28
36019,"RD",1016,2633,38.59
36021,"RD",1485,2798,53.07
36023,"RD",700,1287,54.39
36025,"RD",1981,2873,68.95
36027,"RD",2268,7110,31.9
36029,"DR",1970,10757,18.31
36031,"RD",1032,2732,37.77
36033,"RD",1228,2087,58.84
36035,"RD",690,1603,43.04
36037,"RD",591,1148,51.48
36039,"RD",1246,2376,52.44
36041,"RD",552,886,62.3
36043,"RD",1233,2448,50.37
36045,"RD",1511,3755,40.24
36047,"ST",1474,2940,50.14
36049,"RD",992,1348,73.59
36051,"RD",818,1614,50.68
36053,"RD",1086,2117,51.3
36055,"DR",2499,10167,24.58
36057,"RD",676,1654,40.87
36059,"AVE",3597,18310,19.65
36061,"ST",763,1307,58.38
36063,"ST",826,3197,25.84
36065,"RD",1961,5222,37.55
36067,"RD",1938,8168,23.73
36069,"RD",800,2419,33.07
36071,"RD",2500,9571,26.12
36073,"RD",433,891,48.6
36075,"RD",1032,2636,39.15
36077,"RD",1624,2655,61.17
36079,"RD",1373,3389,40.51
36081,"ST",2695,6735,40.01
36083,"RD",1503,4742,31.7
36085,"AVE",1383,4341,31.86
36087,"CT",1046,5865,17.83
36089,"RD",2043,3698,55.25
36091,"RD",1506,6022,25.01
36093,"RD",552,2478,22.28
36095,"RD",1186,1940,61.13
36097,"RD",686,1049,65.4
36099,"RD",518,1138,45.52
36101,"RD",2303,4140,55.63
36103,"RD",4897,31124,15.73
36105,"RD",2473,4629,53.42
36107,"RD",890,1468,60.63
36109,"RD",902,2003,45.03
36111,"RD",2692,6639,40.55
36113,"RD",1292,3351,38.56
36115,"RD",934,2448,38.15
36117,"RD",925,2082,44.43
36119,"RD",3517,14784,23.79
36121,"RD",594,1058,56.14
36123,"RD",657,998,65.83
37001,"DR",1111,4312,25.77
37003,"LN",643,1754,36.66
37005,"LN",516,1547,33.35
37007,"RD",568,1093,51.97
37009,"RD",863,2163,39.9
37011,"LN",801,2022,39.61
37013,"RD",668,2076,32.18
37015,"RD",257,833,30.85
37017,"RD",608,1744,34.86
37019,"DR",687,3151,21.8
37021,"RD",2773,10407,26.65
37023,"RD",753,3207,23.48
37025,"DR",761,3195,23.82
37027,"LN",759,3127,24.27
37029,"RD",139,299,46.49
37031,"DR",720,2966,24.28
37033,"RD",482,781,61.72
37035,"DR",1043,3597,29
37037,"RD",990,2716,36.45
37039,"RD",1169,3111,37.58
37041,"RD",146,505,28.91
37043,"DR",259,997,25.98
37045,"DR",1066,3445,30.94
37047,"RD",610,2268,26.9
37049,"RD",733,3272,22.4
37051,"DR",2464,8271,29.79
37053,"RD",335,1499,22.35
37055,"RD",479,2531,18.93
37057,"DR",1447,5503,26.29
37059,"LN",522,1735,30.09
37061,"LN",971,2579,37.65
37063,"DR",1519,6121,24.82
37065,"LN",516,1749,29.5
37067,"DR",2311,9140,25.28
37069,"DR",613,2496,24.56
37071,"DR",1757,7460,23.55
37073,"LN",121,305,39.67
37075,"RD",353,617,57.21
37077,"RD",471,1695,27.79
37079,"RD",243,616,39.45
37081,"DR",2893,11142,25.96
37083,"ST",522,1886,27.68
37085,"LN",1245,4174,29.83
37087,"DR",1402,5476,25.6
37089,"DR",1780,6474,27.49
37091,"RD",284,768,36.98
37093,"RD",530,1848,28.68
37095,"RD",185,298,62.08
37097,"LN",1816,6402,28.37
37099,"RD",1797,4333,41.47
37101,"DR",1319,4989,26.44
37103,"LN",253,587,43.1
37105,"DR",418,1775,23.55
37107,"RD",658,2154,30.55
37109,"LN",903,2877,31.39
37111,"DR",1246,2447,50.92
37113,"RD",1940,4233,45.83
37115,"RD",988,1807,54.68
37117,"RD",348,991,35.12
37119,"DR",5133,19211,26.72
37121,"RD",521,1081,48.2
37123,"DR",454,1702,26.67
37125,"RD",1124,4549,24.71
37127,"RD",795,2932,27.11
37129,"DR",1346,5263,25.57
37131,"ST",292,983,29.7
37133,"CT",991,4961,19.98
37135,"RD",1078,4129,26.11
37137,"RD",301,778,38.69
37139,"DR",287,1096,26.19
37141,"RD",573,2148,26.68
37143,"RD",151,685,22.04
37145,"RD",738,1569,47.04
37147,"DR",1027,4117,24.95
37149,"LN",487,1429,34.08
37151,"RD",1197,4050,29.56
37153,"RD",630,2177,28.94
37155,"RD",1725,4969,34.72
37157,"RD",1073,3502,30.64
37159,"RD",1053,4656,22.62
37161,"RD",921,3586,25.68
37163,"LN",1058,2331,45.39
37165,"RD",398,1324,30.06
37167,"RD",735,2106,34.9
37169,"RD",1267,2345,54.03
37171,"LN",1790,4609,38.84
37173,"RD",802,1443,55.58
37175,"RD",1031,2948,34.97
37177,"RD",112,192,58.33
37179,"DR",1218,5004,24.34
37181,"LN",513,1484,34.57
37183,"DR",6142,23386,26.26
37185,"RD",547,1407,38.88
37187,"RD",167,475,35.16
37189,"RD",1339,3729,35.91
37191,"DR",895,3294,27.17
37193,"RD",1325,3199,41.42
37195,"RD",418,1207,34.63
37197,"RD",758,2142,35.39
37199,"RD",758,2072,36.58
38001,"ST",54,118,45.76
38003,"AVE",114,259,44.02
38005,"RD",82,251,32.67
38007,"RD",67,183,36.61
38009,"ST",126,311,40.51
38011,"RD",91,157,57.96
38013,"ST",75,120,62.5
38015,"DR",502,1785,28.12
38017,"ST",233,935,24.92
38019,"ST",110,248,44.35
38021,"AVE",85,207,41.06
38023,"ST",27,67,40.3
38025,"RD",43,131,32.82
38027,"AVE",9,30,30
38029,"AVE",60,179,33.52
38031,"ST",49,93,52.69
38033,"RD",68,115,59.13
38035,"ST",433,1122,38.59
38037,"AVE",51,121,42.15
38039,"ST",34,79,43.04
38041,"ST",52,124,41.94
38043,"ST",34,85,40
38045,"ST",83,159,52.2
38047,"ST",16,35,45.71
38049,"AVE",80,211,37.91
38051,"ST",49,67,73.13
38053,"RD",262,476,55.04
38055,"ST",137,401,34.16
38057,"DR",47,164,28.66
38059,"ST",401,924,43.4
38061,"ST",79,238,33.19
38063,"ST",69,131,52.67
38065,"ST",32,60,53.33
38067,"ST",175,326,53.68
38069,"AVE",45,99,45.45
38071,"AVE",90,327,27.52
38073,"ST",80,165,48.48
38075,"AVE",48,119,40.34
38077,"ST",100,219,45.66
38079,"RD",61,166,36.75
38081,"ST",63,125,50.4
38083,"AVE",33,65,50.77
38085,"ST",111,212,52.36
38087,"ST",21,37,56.76
38089,"ST",133,372,35.75
38091,"AVE",36,87,41.38
38093,"ST",68,175,38.86
38095,"ST",70,129,54.26
38097,"ST",80,165,48.48
38099,"ST",156,423,36.88
38101,"ST",138,520,26.54
38103,"AVE",88,169,52.07
38105,"ST",156,426,36.62
39001,"RD",719,1283,56.04
39003,"ST",544,2138,25.44
39005,"ST",255,817,31.21
39007,"RD",604,2270,26.61
39009,"RD",807,1793,45.01
39011,"ST",453,1233,36.74
39013,"RD",1021,2836,36
39015,"RD",629,1506,41.77
39017,"DR",2008,6589,30.48
39019,"RD",224,619,36.19
39021,"RD",349,912,38.27
39023,"DR",593,2778,21.35
39025,"DR",1130,4244,26.63
39027,"RD",327,981,33.33
39029,"ST",941,2846,33.06
39031,"ST",307,553,55.52
39033,"ST",382,1146,33.33
39035,"DR",3219,14731,21.85
39037,"RD",548,1445,37.92
39039,"RD",326,1037,31.44
39041,"DR",1419,5054,28.08
39043,"ST",445,1759,25.3
39045,"ST",551,2471,22.3
39047,"ST",182,602,30.23
39049,"DR",5170,19392,26.66
39051,"ST",286,669,42.75
39053,"RD",747,1201,62.2
39055,"DR",639,1784,35.82
39057,"DR",1364,4025,33.89
39059,"RD",693,1995,34.74
39061,"DR",2470,11784,20.96
39063,"ST",453,1476,30.69
39065,"ST",446,690,64.64
39067,"RD",657,1041,63.11
39069,"ST",314,530,59.25
39071,"RD",524,1198,43.74
39073,"RD",717,1275,56.24
39075,"ST",207,401,51.62
39077,"ST",456,1265,36.05
39079,"RD",642,1241,51.73
39081,"ST",646,1950,33.13
39083,"RD",579,1479,39.15
39085,"DR",1339,4289,31.22
39087,"ST",467,1452,32.16
39089,"DR",779,3341,23.32
39091,"ST",497,1315,37.79
39093,"DR",1100,4815,22.85
39095,"DR",1777,7057,25.18
39097,"RD",244,899,27.14
39099,"AVE",1203,4704,25.57
39101,"ST",402,1237,32.5
39103,"DR",991,2796,35.44
39105,"RD",641,946,67.76
39107,"ST",440,1236,35.6
39109,"ST",540,2067,26.12
39111,"RD",460,747,61.58
39113,"DR",2497,10468,23.85
39115,"RD",553,1240,44.6
39117,"RD",381,780,48.85
39119,"RD",889,2978,29.85
39121,"RD",693,1044,66.38
39123,"DR",584,2099,27.82
39125,"ST",292,482,60.58
39127,"ST",435,810,53.7
39129,"RD",397,1187,33.45
39131,"RD",489,794,61.59
39133,"DR",794,3038,26.14
39135,"RD",428,1088,39.34
39137,"ST",511,774,66.02
39139,"RD",748,2491,30.03
39141,"RD",603,1585,38.04
39143,"ST",471,1448,32.53
39145,"RD",770,1993,38.64
39147,"ST",495,1057,46.83
39149,"RD",373,1172,31.83
39151,"ST",563,1765,31.9
39153,"DR",2618,9513,27.52
39155,"RD",646,2565,25.19
39157,"ST",626,1677,37.33
39159,"RD",328,1085,30.23
39161,"RD",378,915,41.31
39163,"RD",455,683,66.62
39165,"DR",1358,5005,27.13
39167,"RD",956,2263,42.24
39169,"RD",607,2128,28.52
39171,"ST",501,934,53.64
39173,"RD",762,3050,24.98
39175,"ST",222,409,54.28
40001,"RD",860,1148,74.91
40003,"RD",756,1076,70.26
40005,"RD",1060,1516,69.92
40007,"ST",59,131,45.04
40009,"RD",492,1156,42.56
40011,"RD",793,1201,66.03
40013,"RD",1193,2564,46.53
40015,"RD",604,1408,42.9
40017,"ST",908,3787,23.98
40019,"RD",795,1889,42.09
40021,"RD",1577,2493,63.26
40023,"RD",716,1220,58.69
40025,"RD",819,939,87.22
40027,"ST",1752,6566,26.68
40029,"RD",401,712,56.32
40031,"RD",1107,3634,30.46
40033,"AVE",115,355,32.39
40035,"RD",911,1281,71.12
40037,"AVE",983,2884,34.08
40039,"RD",772,1454,53.09
40041,"RD",2148,3774,56.92
40043,"RD",465,679,68.48
40045,"RD",613,832,73.68
40047,"RD",965,2624,36.78
40049,"RD",782,1552,50.39
40051,"RD",966,2225,43.42
40053,"RD",515,843,61.09
40055,"RD",315,554,56.86
40057,"RD",210,325,64.62
40059,"RD",599,774,77.39
40061,"RD",472,877,53.82
40063,"RD",670,1100,60.91
40065,"ST",359,1027,34.96
40067,"RD",344,740,46.49
40069,"RD",457,1079,42.35
40071,"RD",617,1886,32.71
40073,"RD",384,815,47.12
40075,"RD",439,808,54.33
40077,"RD",561,1090,51.47
40079,"RD",927,3023,30.66
40081,"RD",1371,2215,61.9
40083,"RD",872,2431,35.87
40085,"RD",622,1065,58.4
40087,"ST",625,1978,31.6
40089,"RD",579,1600,36.19
40091,"RD",1128,1938,58.2
40093,"RD",394,586,67.24
40095,"RD",583,1706,34.17
40097,"RD",1083,2129,50.87
40099,"RD",487,1067,45.64
40101,"ST",888,2069,42.92
40103,"RD",482,811,59.43
40105,"RD",449,739,60.76
40107,"RD",519,772,67.23
40109,"ST",4667,16263,28.7
40111,"RD",1271,2412,52.69
40113,"RD",756,2854,26.49
40115,"RD",747,1340,55.75
40117,"RD",800,1397,57.27
40119,"RD",823,2996,27.47
40121,"RD",1439,3083,46.68
40123,"RD",788,1618,48.7
40125,"RD",1282,2916,43.96
40127,"RD",464,945,49.1
40129,"RD",536,644,83.23
40131,"RD",1318,3443,38.28
40133,"RD",629,1231,51.1
40135,"RD",1640,2893,56.69
40137,"RD",731,1820,40.16
40139,"RD",878,1472,59.65
40141,"RD",326,673,48.44
40143,"ST",7551,19137,39.46
40145,"AVE",1114,3385,32.91
40147,"RD",684,2145,31.89
40149,"RD",581,992,58.57
40151,"RD",290,571,50.79
40153,"RD",589,1104,53.35
41001,"RD",622,1359,45.77
41003,"DR",453,2426,18.67
41005,"RD",1991,10191,19.54
41007,"RD",687,2264,30.34
41009,"RD",632,1976,31.98
41011,"RD",1074,3744,28.69
41013,"RD",720,1702,42.3
41015,"RD",418,1341,31.17
41017,"RD",1314,7485,17.56
41019,"RD",1540,5218,29.51
41021,"RD",156,338,46.15
41023,"RD",773,1300,59.46
41025,"RD",557,975,57.13
41027,"RD",238,781,30.47
41029,"RD",1115,4879,22.85
41031,"RD",738,2057,35.88
41033,"RD",746,2707,27.56
41035,"ST",749,3282,22.82
41037,"RD",651,1095,59.45
41039,"ST",2523,9597,26.29
41041,"ST",1087,3055,35.58
41043,"ST",723,2711,26.67
41045,"RD",781,1612,48.45
41047,"ST",743,1923,38.64
41049,"RD",331,931,35.55
41051,"AVE",3751,11878,31.58
41053,"ST",414,1313,31.53
41055,"RD",142,354,40.11
41057,"RD",768,2122,36.19
41059,"RD",1504,3956,38.02
41061,"RD",379,1247,30.39
41063,"RD",452,898,50.33
41065,"RD",850,1543,55.09
41067,"AVE",2117,12337,17.16
41069,"RD",140,241,58.09
41071,"ST",1095,3249,33.7
42001,"RD",798,2631,30.33
42003,"ST",7279,26927,27.03
42005,"RD",1547,3514,44.02
42007,"ST",1456,5058,28.79
42009,"RD",1757,3294,53.34
42011,"RD",2285,9221,24.78
42013,"LN",1133,4840,23.41
42015,"RD",2213,4064,54.45
42017,"RD",2940,12790,22.99
42019,"LN",1625,6303,25.78
42021,"ST",1928,5681,33.94
42023,"RD",285,562,50.71
42025,"ST",683,2872,23.78
42027,"RD",1426,5412,26.35
42029,"RD",2619,11695,22.39
42031,"RD",948,2396,39.57
42033,"RD",2165,5549,39.02
42035,"LN",849,2655,31.98
42037,"RD",1008,2506,40.22
42039,"RD",1433,3664,39.11
42041,"DR",1395,6003,23.24
42043,"ST",2222,7400,30.03
42045,"RD",3451,9606,35.93
42047,"RD",898,1781,50.42
42049,"DR",1256,5013,25.05
42051,"RD",2036,6067,33.56
42053,"RD",447,927,48.22
42055,"RD",1205,3653,32.99
42057,"RD",386,763,50.59
42059,"RD",1001,1949,51.36
42061,"RD",1128,3350,33.67
42063,"RD",1430,3466,41.26
42065,"RD",1171,2873,40.76
42067,"RD",656,1455,45.09
42069,"ST",1851,5878,31.49
42071,"RD",2389,9492,25.17
42073,"RD",805,3426,23.5
42075,"ST",1324,4008,33.03
42077,"ST",3731,8128,45.9
42079,"ST",3167,8325,38.04
42081,"RD",1727,5104,33.84
42083,"RD",639,1835,34.82
42085,"RD",1117,3230,34.58
42087,"LN",869,2397,36.25
42089,"RD",1959,7638,25.65
42091,"RD",3752,14581,25.73
42093,"RD",344,837,41.1
42095,"ST",2125,6572,32.33
42097,"ST",1306,3611,36.17
42099,"RD",764,1923,39.73
42101,"ST",6187,9187,67.35
42103,"RD",1247,4523,27.57
42105,"RD",780,1372,56.85
42107,"ST",2462,5456,45.12
42109,"RD",1028,2220,46.31
42111,"RD",1786,4632,38.56
42113,"RD",560,1040,53.85
42115,"RD",1327,1996,66.48
42117,"RD",1525,2610,58.43
42119,"RD",506,1566,32.31
42121,"RD",910,2379,38.25
42123,"RD",600,1907,31.46
42125,"ST",1966,8009,24.55
42127,"RD",1334,3488,38.25
42129,"ST",3085,14353,21.49
42131,"RD",503,1103,45.6
42133,"RD",2931,10239,28.63
44001,"ST",317,1333,23.78
44003,"ST",1092,4390,24.87
44005,"RD",522,2650,19.7
44007,"ST",4082,10993,37.13
44009,"RD",1420,4668,30.42
45001,"RD",506,1442,35.09
45003,"RD",1629,6512,25.02
45005,"RD",298,754,39.52
45007,"RD",1981,7799,25.4
45009,"RD",472,1031,45.78
45011,"RD",390,1270,30.71
45013,"DR",1922,8342,23.04
45015,"LN",2487,7873,31.59
45017,"LN",271,991,27.35
45019,"RD",2674,11720,22.82
45021,"RD",840,2303,36.47
45023,"RD",708,1890,37.46
45025,"RD",1021,2323,43.95
45027,"RD",699,1870,37.38
45029,"LN",842,2452,34.34
45031,"DR",964,2974,32.41
45033,"DR",326,1419,22.97
45035,"LN",830,4131,20.09
45037,"RD",354,1078,32.84
45039,"RD",498,1287,38.69
45041,"RD",1335,4806,27.78
45043,"DR",743,3653,20.34
45045,"DR",2774,12760,21.74
45047,"RD",751,2636,28.49
45049,"RD",485,1307,37.11
45051,"DR",2570,9831,26.14
45053,"RD",516,1260,40.95
45055,"RD",871,2342,37.19
45057,"RD",898,3341,26.88
45059,"RD",1162,3399,34.19
45061,"RD",481,1022,47.06
45063,"CT",1651,7435,22.21
45065,"RD",478,1348,35.46
45067,"RD",740,2097,35.29
45069,"RD",436,1363,31.99
45071,"RD",718,1862,38.56
45073,"DR",2721,7241,37.58
45075,"RD",1314,4646,28.28
45077,"DR",1287,5455,23.59
45079,"RD",2516,9836,25.58
45081,"RD",582,1146,50.79
45083,"RD",2607,10459,24.93
45085,"RD",911,4285,21.26
45087,"RD",489,1416,34.53
45089,"RD",603,1516,39.78
45091,"RD",1541,6832,22.56
46003,"ST",290,458,63.32
46005,"ST",318,647,49.15
46007,"ST",32,83,38.55
46009,"ST",292,512,57.03
46011,"ST",348,925,37.62
46013,"ST",695,1459,47.64
46015,"ST",251,466,53.86
46017,"RD",48,194,24.74
46019,"RD",370,806,45.91
46021,"ST",172,348,49.43
46023,"ST",373,787,47.4
46025,"ST",183,337,54.3
46027,"ST",263,466,56.44
46029,"ST",262,642,40.81
46031,"ST",121,307,39.41
46033,"RD",475,1019,46.61
46035,"ST",288,652,44.17
46037,"ST",379,836,45.33
46039,"ST",187,388,48.2
46041,"ST",79,147,53.74
46043,"ST",180,313,57.51
46045,"AVE",411,827,49.7
46047,"RD",368,805,45.71
46049,"ST",310,548,56.57
46051,"ST",242,548,44.16
46053,"ST",438,905,48.4
46055,"ST",175,477,36.69
46057,"ST",225,453,49.67
46059,"ST",344,654,52.6
46061,"ST",183,330,55.45
46063,"RD",135,211,63.98
46065,"AVE",285,820,34.76
46067,"ST",403,587,68.65
46069,"ST",149,292,51.03
46071,"RD",159,290,54.83
46073,"ST",160,312,51.28
46075,"AVE",109,225,48.44
46077,"ST",308,535,57.57
46079,"AVE",221,575,38.43
46081,"RD",546,2007,27.2
46083,"ST",600,1695,35.4
46085,"ST",306,646,47.37
46087,"AVE",200,423,47.28
46089,"ST",319,594,53.7
46091,"ST",270,591,45.69
46093,"RD",484,1661,29.14
46095,"ST",84,187,44.92
46097,"ST",215,346,62.14
46099,"ST",1132,4020,28.16
46101,"ST",214,388,55.15
46102,"RD",249,450,55.33
46103,"RD",879,3859,22.78
46105,"RD",151,278,54.32
46107,"ST",261,505,51.68
46109,"ST",321,807,39.78
46111,"ST",249,448,55.58
46115,"ST",552,1044,52.87
46117,"ST",81,278,29.14
46119,"ST",181,466,38.84
46121,"ST",115,307,37.46
46123,"ST",574,1047,54.82
46125,"ST",284,527,53.89
46127,"ST",362,727,49.79
46129,"ST",331,670,49.4
46135,"ST",364,921,39.52
46137,"RD",60,113,53.1
47001,"LN",906,2663,34.02
47003,"RD",531,1377,38.56
47005,"RD",470,1104,42.57
47007,"RD",680,1117,60.88
47009,"DR",1065,4269,24.95
47011,"DR",359,1361,26.38
47013,"LN",1096,2472,44.34
47015,"LN",441,1014,43.49
47017,"RD",413,1360,30.37
47019,"RD",1152,2572,44.79
47021,"RD",558,1337,41.74
47023,"RD",249,758,32.85
47025,"LN",687,1927,35.65
47027,"RD",533,832,64.06
47029,"WAY",972,2274,42.74
47031,"RD",636,2235,28.46
47033,"RD",340,628,54.14
47035,"RD",842,3773,22.32
47037,"DR",2914,10507,27.73
47039,"RD",390,1021,38.2
47041,"RD",520,1150,45.22
47043,"RD",881,1752,50.29
47045,"RD",453,1303,34.77
47047,"DR",403,1475,27.32
47049,"RD",639,1321,48.37
47051,"LN",868,2456,35.34
47053,"RD",644,1820,35.38
47055,"RD",1005,1564,64.26
47057,"RD",460,1048,43.89
47059,"RD",815,2452,33.24
47061,"RD",437,882,49.55
47063,"DR",537,1915,28.04
47065,"DR",1860,9154,20.32
47067,"RD",471,688,68.46
47069,"RD",378,1312,28.81
47071,"LN",641,1880,34.1
47073,"RD",1121,2496,44.91
47075,"RD",385,750,51.33
47077,"RD",491,1242,39.53
47079,"RD",574,1648,34.83
47081,"RD",740,1494,49.53
47083,"RD",273,690,39.57
47085,"RD",385,1063,36.22
47087,"LN",516,860,60
47089,"RD",641,2134,30.04
47091,"RD",498,1039,47.93
47093,"LN",2719,9865,27.56
47095,"RD",109,270,40.37
47097,"RD",384,844,45.5
47099,"RD",892,1996,44.69
47101,"RD",506,901,56.16
47103,"RD",640,1367,46.82
47105,"RD",503,1944,25.87
47107,"RD",692,1563,44.27
47109,"RD",488,1239,39.39
47111,"RD",351,934,37.58
47113,"DR",725,2608,27.8
47115,"RD",731,1675,43.64
47117,"RD",547,1155,47.36
47119,"RD",742,2724,27.24
47121,"LN",253,580,43.62
47123,"RD",904,1847,48.94
47125,"DR",1166,3931,29.66
47127,"RD",255,522,48.85
47129,"RD",821,1200,68.42
47131,"RD",754,1503,50.17
47133,"LN",587,1213,48.39
47135,"RD",392,682,57.48
47137,"RD",353,657,53.73
47139,"RD",386,988,39.07
47141,"RD",865,2613,33.1
47143,"LN",633,1800,35.17
47145,"RD",836,2499,33.45
47147,"RD",707,1722,41.06
47149,"DR",1642,5814,28.24
47151,"RD",595,1240,47.98
47153,"RD",441,838,52.63
47155,"WAY",1610,5633,28.58
47157,"DR",4411,19826,22.25
47159,"LN",634,1132,56.01
47161,"RD",447,797,56.09
47163,"DR",1381,5059,27.3
47165,"DR",985,4001,24.62
47167,"RD",496,1636,30.32
47169,"LN",149,319,46.71
47171,"RD",816,1637,49.85
47173,"RD",496,1017,48.77
47175,"RD",320,563,56.84
47177,"RD",665,1892,35.15
47179,"RD",1166,3811,30.6
47181,"RD",695,1276,54.47
47183,"RD",687,1384,49.64
47185,"RD",569,1244,45.74
47187,"DR",1342,5784,23.2
47189,"DR",783,3061,25.58
48001,"ST",456,978,46.63
48003,"ST",120,296,40.54
48005,"RD",937,2795,33.52
48007,"ST",388,1014,38.26
48009,"RD",261,522,50
48011,"ST",100,162,61.73
48013,"ST",353,1324,26.66
48015,"RD",567,1496,37.9
48017,"ST",73,103,70.87
48019,"RD",582,1514,38.44
48021,"RD",618,2786,22.18
48023,"RD",169,368,45.92
48025,"ST",465,817,56.92
48027,"DR",2399,7507,31.96
48029,"DR",4981,18949,26.29
48031,"RD",409,1005,40.7
48033,"RD",25,49,51.02
48035,"ST",298,608,49.01
48037,"ST",938,2491,37.66
48039,"DR",1996,8067,24.74
48041,"DR",951,4109,23.14
48043,"RD",312,712,43.82
48045,"ST",41,63,65.08
48047,"ST",150,190,78.95
48049,"ST",405,1210,33.47
48051,"ST",235,776,30.28
48053,"DR",707,2165,32.66
48055,"ST",355,1339,26.51
48057,"ST",371,975,38.05
48059,"ST",272,437,62.24
48061,"ST",1779,6548,27.17
48063,"ST",95,259,36.68
48065,"ST",136,287,47.39
48067,"ST",367,700,52.43
48069,"ST",126,149,84.56
48071,"RD",407,1236,32.93
48073,"ST",526,1174,44.8
48075,"LN",25,45,55.56
48077,"RD",372,777,47.88
48079,"ST",90,145,62.07
48081,"RD",226,474,47.68
48083,"ST",291,439,66.29
48085,"DR",7507,18653,40.25
48087,"ST",77,110,70
48089,"RD",619,1430,43.29
48091,"DR",1124,3512,32
48093,"ST",233,485,48.04
48095,"ST",116,209,55.5
48097,"ST",425,1209,35.15
48099,"ST",413,1669,24.75
48101,"ST",60,93,64.52
48103,"ST",102,233,43.78
48105,"ST",91,220,41.36
48107,"RD",67,176,38.07
48109,"RD",162,305,53.11
48111,"ST",120,399,30.08
48113,"DR",10512,30507,34.46
48115,"ST",140,233,60.09
48117,"ST",168,309,54.37
48119,"ST",80,174,45.98
48121,"DR",5002,14399,34.74
48123,"RD",477,1064,44.83
48125,"ST",67,105,63.81
48127,"ST",237,518,45.75
48129,"ST",269,394,68.27
48131,"ST",199,451,44.12
48133,"ST",444,670,66.27
48135,"AVE",843,2559,32.94
48137,"RD",74,157,47.13
48139,"RD",1049,4223,24.84
48141,"DR",3934,12371,31.8
48143,"ST",252,643,39.19
48145,"ST",315,469,67.16
48147,"ST",588,837,70.25
48149,"RD",602,1409,42.73
48151,"ST",115,185,62.16
48153,"ST",248,291,85.22
48155,"ST",80,111,72.07
48157,"LN",4144,15704,26.39
48159,"ST",106,449,23.61
48161,"ST",240,556,43.17
48163,"ST",259,511,50.68
48165,"ST",102,144,70.83
48167,"DR",1687,6784,24.87
48169,"ST",58,109,53.21
48171,"RD",597,1488,40.12
48173,"RD",31,53,58.49
48175,"RD",172,397,43.32
48177,"ST",256,462,55.41
48179,"ST",368,891,41.3
48181,"RD",1356,4967,27.3
48183,"ST",1163,3368,34.53
48185,"LN",319,1238,25.77
48187,"LN",585,3119,18.76
48189,"ST",541,714,75.77
48191,"ST",191,221,86.43
48193,"ST",238,317,75.08
48195,"ST",81,159,50.94
48197,"RD",228,397,57.43
48199,"RD",809,2384,33.93
48201,"DR",17924,54225,33.05
48203,"RD",742,2203,33.68
48205,"RD",64,218,29.36
48207,"ST",133,340,39.12
48209,"DR",1072,4261,25.16
48211,"ST",83,159,52.2
48213,"DR",1013,3226,31.4
48215,"ST",4832,13014,37.13
48217,"ST",484,1320,36.67
48219,"RD",265,672,39.43
48221,"CT",1124,2565,43.82
48223,"ST",246,506,48.62
48225,"ST",294,719,40.89
48227,"ST",408,1011,40.36
48229,"RD",201,444,45.27
48231,"ST",749,2081,35.99
48233,"ST",505,964,52.39
48235,"RD",139,269,51.67
48237,"RD",366,719,50.9
48239,"ST",283,722,39.2
48241,"ST",276,945,29.21
48243,"RD",156,418,37.32
48245,"ST",1537,4785,32.12
48247,"RD",99,310,31.94
48249,"ST",417,747,55.82
48251,"ST",914,3551,25.74
48253,"ST",292,457,63.89
48255,"ST",305,430,70.93
48257,"ST",713,2624,27.17
48259,"RD",410,1253,32.72
48261,"RD",29,59,49.15
48263,"ST",33,71,46.48
48265,"RD",663,1955,33.91
48267,"RD",206,434,47.47
48269,"ST",20,29,68.97
48271,"ST",108,288,37.5
48273,"ST",200,492,40.65
48275,"ST",164,254,64.57
48277,"ST",372,816,45.59
48279,"ST",235,394,59.64
48281,"ST",217,432,50.23
48283,"ST",178,376,47.34
48285,"ST",385,547,70.38
48287,"ST",197,384,51.3
48289,"ST",237,678,34.96
48291,"ST",550,1782,30.86
48293,"ST",421,616,68.34
48295,"ST",110,202,54.46
48297,"ST",158,517,30.56
48299,"DR",400,1497,26.72
48301,"ST",11,21,52.38
48303,"ST",2515,5256,47.85
48305,"ST",97,152,63.82
48307,"ST",295,398,74.12
48309,"DR",1400,5446,25.71
48311,"RD",105,148,70.95
48313,"LN",211,554,38.09
48315,"RD",304,888,34.23
48317,"ST",104,134,77.61
48319,"RD",327,546,59.89
48321,"RD",505,1396,36.17
48323,"ST",325,977,33.27
48325,"ST",192,640,30
48327,"RD",101,278,36.33
48329,"DR",508,2112,24.05
48331,"ST",404,801,50.44
48333,"ST",90,133,67.67
48335,"ST",219,317,69.09
48337,"RD",650,1472,44.16
48339,"DR",3508,13058,26.86
48341,"ST",129,430,30
48343,"ST",250,577,43.33
48345,"ST",43,94,45.74
48347,"ST",536,1805,29.7
48349,"ST",531,1682,31.57
48351,"RD",151,352,42.9
48353,"ST",284,434,65.44
48355,"DR",2357,5707,41.3
48357,"ST",118,243,48.56
48359,"ST",99,160,61.88
48361,"ST",1134,2927,38.74
48363,"RD",487,1859,26.2
48365,"ST",240,496,48.39
48367,"DR",806,3800,21.21
48369,"ST",105,198,53.03
48371,"ST",399,826,48.31
48373,"RD",978,2952,33.13
48375,"ST",683,2365,28.88
48377,"ST",258,483,53.42
48379,"ST",39,176,22.16
48381,"DR",587,2533,23.17
48383,"RD",167,289,57.79
48385,"RD",178,304,58.55
48387,"ST",337,434,77.65
48389,"ST",310,486,63.79
48391,"ST",228,458,49.78
48393,"RD",78,145,53.79
48395,"ST",442,1154,38.3
48397,"DR",939,2437,38.53
48399,"ST",278,387,71.83
48401,"ST",561,1018,55.11
48403,"DR",429,1302,32.95
48405,"ST",124,274,45.26
48407,"RD",621,1901,32.67
48409,"ST",569,1386,41.05
48411,"ST",178,267,66.67
48413,"ST",72,159,45.28
48415,"ST",218,511,42.66
48417,"ST",109,169,64.5
48419,"ST",273,520,52.5
48421,"ST",73,105,69.52
48423,"DR",1342,4796,27.98
48425,"ST",68,191,35.6
48427,"ST",936,2118,44.19
48429,"ST",152,287,52.96
48431,"ST",46,85,54.12
48433,"ST",45,81,55.56
48435,"ST",109,239,45.61
48437,"ST",91,196,46.43
48439,"DR",10200,32964,30.94
48441,"ST",980,2733,35.86
48443,"RD",148,195,75.9
48445,"ST",237,331,71.6
48447,"RD",120,233,51.5
48449,"ST",271,636,42.61
48451,"ST",868,2545,34.11
48453,"DR",5163,17712,29.15
48455,"RD",618,1614,38.29
48457,"RD",219,696,31.47
48459,"RD",677,1294,52.32
48461,"ST",82,206,39.81
48463,"ST",318,682,46.63
48465,"ST",520,1366,38.07
48467,"ST",410,762,53.81
48469,"ST",665,2018,32.95
48471,"RD",609,1673,36.4
48473,"RD",481,1584,30.37
48475,"ST",325,509,63.85
48477,"LN",410,1358,30.19
48479,"DR",760,3092,24.58
48481,"ST",656,1505,43.59
48483,"ST",209,297,70.37
48485,"ST",742,2839,26.14
48487,"ST",212,349,60.74
48489,"ST",205,595,34.45
48491,"DR",2402,9508,25.26
48493,"DR",310,1003,30.91
48495,"ST",158,262,60.31
48497,"ST",532,1847,28.8
48499,"ST",429,951,45.11
48501,"ST",98,239,41
48503,"RD",406,906,44.81
48505,"ST",173,586,29.52
48507,"ST",223,412,54.13
49001,"ST",167,287,58.19
49003,"RD",693,1039,66.7
49005,"RD",210,874,24.03
49007,"RD",1067,1580,67.53
49009,"RD",235,361,65.1
49011,"DR",824,3166,26.03
49013,"RD",409,841,48.63
49015,"RD",263,576,45.66
49017,"RD",285,647,44.05
49019,"RD",267,1026,26.02
49021,"RD",345,1307,26.4
49023,"RD",348,546,63.74
49025,"RD",332,933,35.58
49027,"ST",424,820,51.71
49029,"RD",83,323,25.7
49031,"RD",134,247,54.25
49033,"CIR",105,462,22.73
49035,"DR",4984,20610,24.18
49037,"RD",763,1093,69.81
49039,"ST",392,1127,34.78
49041,"RD",451,876,51.48
49043,"RD",636,1908,33.33
49045,"RD",1774,3240,54.75
49047,"RD",669,1186,56.41
49049,"ST",5352,10734,49.86
49051,"RD",313,1171,26.73
49053,"DR",1350,4302,31.38
49055,"RD",351,571,61.47
49057,"ST",1870,3290,56.84
50001,"RD",1008,1879,53.65
50003,"RD",1107,2094,52.87
50005,"RD",940,1900,49.47
50007,"RD",1170,3873,30.21
50009,"RD",447,665,67.22
50011,"RD",1077,1912,56.33
50013,"RD",217,452,48.01
50015,"RD",767,1453,52.79
50017,"RD",1303,1923,67.76
50019,"RD",923,1763,52.35
50021,"RD",1335,2827,47.22
50023,"RD",1618,2988,54.15
50025,"RD",1783,3137,56.84
50027,"RD",2139,3629,58.94
51001,"LN",608,2293,26.52
51003,"LN",929,3339,27.82
51005,"RD",206,652,31.6
51007,"LN",174,435,40
51009,"RD",584,1647,35.46
51011,"LN",253,638,39.66
51013,"ST",820,1202,68.22
51015,"LN",1252,2992,41.84
51017,"RD",266,624,42.63
51019,"RD",889,3360,26.46
51021,"LN",109,287,37.98
51023,"RD",404,1249,32.35
51025,"RD",297,794,37.41
51027,"RD",1514,1791,84.53
51029,"RD",323,616,52.44
51031,"RD",523,1784,29.32
51033,"RD",296,1047,28.27
51035,"RD",778,2070,37.58
51036,"RD",97,196,49.49
51037,"LN",518,1089,47.57
51041,"DR",1762,8091,21.78
51043,"LN",472,772,61.14
51045,"RD",196,495,39.6
51047,"LN",622,1812,34.33
51049,"RD",238,509,46.76
51051,"RD",401,1276,31.43
51053,"RD",310,773,40.1
51057,"RD",291,591,49.24
51059,"CT",5053,17328,29.16
51061,"LN",795,2527,31.46
51063,"PKWY",32,74,43.24
51065,"LN",292,816,35.78
51067,"LN",1008,3093,32.59
51069,"LN",754,3011,25.04
51071,"LN",323,1095,29.5
51073,"LN",645,1612,40.01
51075,"RD",410,1022,40.12
51077,"LN",813,1414,57.5
51079,"RD",258,702,36.75
51081,"RD",143,311,45.98
51083,"RD",383,1328,28.84
51085,"LN",844,3120,27.05
51087,"CT",1558,7537,20.67
51089,"DR",751,2264,33.17
51091,"RD",173,363,47.66
51093,"LN",336,1233,27.25
51095,"RD",372,1767,21.05
51097,"RD",228,412,55.34
51099,"DR",267,938,28.46
51101,"RD",199,621,32.05
51103,"LN",369,1173,31.46
51105,"DR",852,2004,42.51
51107,"CT",1589,9033,17.59
51109,"RD",449,1375,32.65
51111,"RD",327,643,50.86
51113,"RD",257,628,40.92
51115,"LN",215,542,39.67
51117,"RD",528,1738,30.38
51119,"RD",218,762,28.61
51121,"RD",567,2063,27.48
51125,"LN",566,1118,50.63
51127,"RD",325,844,38.51
51131,"LN",285,912,31.25
51133,"LN",430,1220,35.25
51135,"RD",314,738,42.55
51137,"RD",429,1450,29.59
51139,"RD",524,1490,35.17
51141,"RD",485,1174,41.31
51143,"RD",945,2079,45.45
51145,"RD",226,732,30.87
51147,"RD",399,1008,39.58
51149,"DR",236,937,25.19
51153,"CT",2191,7472,29.32
51155,"RD",354,1289,27.46
51157,"LN",563,893,63.05
51159,"RD",132,272,48.53
51161,"DR",760,2526,30.09
51163,"LN",1168,2214,52.76
51165,"LN",1009,2933,34.4
51167,"RD",626,1600,39.12
51169,"DR",606,1422,42.62
51171,"RD",579,1798,32.2
51173,"LN",453,1441,31.44
51175,"RD",225,643,34.99
51177,"LN",964,3526,27.34
51179,"LN",755,3308,22.82
51181,"RD",108,295,36.61
51183,"RD",200,517,38.68
51185,"RD",1000,3061,32.67
51187,"RD",494,1597,30.93
51191,"DR",676,2232,30.29
51193,"RD",275,961,28.62
51195,"RD",1081,1668,64.81
51197,"RD",490,1413,34.68
51199,"RD",400,1819,21.99
51510,"ST",339,1289,26.3
51520,"ST",177,608,29.11
51530,"ST",107,231,46.32
51540,"ST",172,683,25.18
51550,"CT",1173,4459,26.31
51570,"AVE",168,379,44.33
51580,"AVE",91,247,36.84
51590,"ST",373,1213,30.75
51595,"ST",114,221,51.58
51600,"DR",109,502,21.71
51610,"ST",92,204,45.1
51620,"ST",92,203,45.32
51630,"ST",159,480,33.12
51640,"ST",109,280,38.93
51650,"DR",580,2659,21.81
51660,"ST",141,656,21.49
51670,"AVE",195,585,33.33
51678,"ST",69,210,32.86
51680,"ST",557,1567,35.55
51683,"CT",204,689,29.61
51685,"CT",77,221,34.84
51690,"ST",260,424,61.32
51700,"DR",675,2868,23.54
51710,"AVE",877,3201,27.4
51720,"RD",15,35,42.86
51730,"ST",320,814,39.31
51735,"DR",89,296,30.07
51740,"ST",429,1603,26.76
51750,"ST",160,302,52.98
51760,"ST",1032,3301,31.26
51770,"RD",51,193,26.42
51775,"ST",178,665,26.77
51790,"ST",302,625,48.32
51800,"DR",345,1958,17.62
51810,"CT",2511,8279,30.33
51820,"AVE",182,555,32.79
51830,"ST",71,319,22.26
51840,"ST",142,504,28.17
53001,"RD",837,1309,63.94
53003,"ST",143,564,25.35
53005,"ST",1166,4590,25.4
53007,"RD",1795,3579,50.15
53009,"RD",1026,3327,30.84
53011,"ST",4386,13299,32.98
53013,"RD",241,413,58.35
53015,"RD",849,2630,32.28
53017,"RD",407,1674,24.31
53019,"RD",878,1454,60.39
53021,"RD",472,2100,22.48
53023,"RD",166,253,65.61
53025,"ST",457,1604,28.49
53027,"ST",939,2995,31.35
53029,"LN",1136,4862,23.36
53031,"ST",662,2334,28.36
53033,"ST",11919,22351,53.33
53035,"LN",819,4211,19.45
53037,"RD",759,1978,38.37
53039,"RD",960,2026,47.38
53041,"RD",1103,3119,35.36
53043,"RD",682,1284,53.12
53045,"RD",793,2945,26.93
53047,"RD",1845,3133,58.89
53049,"ST",516,1863,27.7
53051,"RD",522,1133,46.07
53053,"ST",2364,4562,51.82
53055,"LN",663,1755,37.78
53057,"LN",850,4061,20.93
53059,"RD",717,1245,57.59
53061,"RD",1237,4380,28.24
53063,"RD",2780,12199,22.79
53065,"RD",1241,2291,54.17
53067,"ST",146,525,27.81
53069,"RD",190,315,60.32
53071,"RD",618,2175,28.41
53073,"ST",1086,5480,19.82
53075,"RD",997,2278,43.77
53077,"RD",1567,5484,28.57
54001,"RD",415,935,44.39
54003,"DR",992,4062,24.42
54005,"RD",710,1662,42.72
54007,"RD",712,1247,57.1
54009,"ST",230,977,23.54
54011,"RD",976,3150,30.98
54013,"RD",279,495,56.36
54015,"RD",444,698,63.61
54017,"RD",340,625,54.4
54019,"RD",1231,2640,46.63
54021,"RD",260,512,50.78
54023,"RD",256,645,39.69
54025,"RD",977,2560,38.16
54027,"RD",927,2343,39.56
54029,"ST",394,1462,26.95
54031,"RD",580,1195,48.54
54033,"ST",959,3227,29.72
54035,"RD",720,1429,50.38
54037,"LN",669,3166,21.13
54039,"RD",2048,7604,26.93
54041,"RD",418,944,44.28
54043,"RD",700,1297,53.97
54045,"RD",1073,2571,41.73
54047,"RD",914,1452,62.95
54049,"ST",757,2772,27.31
54051,"RD",290,1052,27.57
54053,"RD",638,1494,42.7
54055,"RD",1202,3501,34.33
54057,"RD",425,1289,32.97
54059,"RD",495,1231,40.21
54061,"RD",1020,3520,28.98
54063,"RD",652,960,67.92
54065,"LN",801,2019,39.67
54067,"RD",988,2101,47.03
54069,"ST",367,1610,22.8
54071,"RD",368,954,38.57
54073,"RD",265,522,50.77
54075,"RD",511,988,51.72
54077,"RD",756,1940,38.97
54079,"RD",598,2181,27.42
54081,"RD",939,4204,22.34
54083,"RD",483,1309,36.9
54085,"RD",346,833,41.54
54087,"RD",360,677,53.18
54089,"RD",580,998,58.12
54091,"RD",308,908,33.92
54093,"RD",304,633,48.03
54095,"RD",273,582,46.91
54097,"RD",505,1115,45.29
54099,"RD",798,1653,48.28
54101,"RD",326,605,53.88
54103,"RD",349,980,35.61
54105,"RD",186,438,42.47
54107,"ST",887,3438,25.8
54109,"RD",795,1433,55.48
55001,"AVE",351,1627,21.57
55003,"RD",755,1135,66.52
55005,"ST",1324,2892,45.78
55007,"RD",1495,2097,71.29
55009,"CT",920,5162,17.82
55011,"RD",538,906,59.38
55013,"RD",883,1695,52.09
55015,"RD",343,1394,24.61
55017,"ST",1434,3356,42.73
55019,"RD",780,1877,41.56
55021,"RD",814,2097,38.82
55023,"RD",521,1485,35.08
55025,"RD",2223,10664,20.85
55027,"RD",936,2594,36.08
55029,"RD",854,2042,41.82
55031,"RD",1380,2511,54.96
55033,"ST",868,1973,43.99
55035,"RD",597,2545,23.46
55037,"RD",489,837,58.42
55039,"ST",651,2636,24.7
55041,"RD",564,1422,39.66
55043,"ST",819,2150,38.09
55045,"RD",478,1283,37.26
55047,"ST",276,833,33.13
55049,"RD",538,1152,46.7
55051,"RD",556,824,67.48
55053,"RD",899,1445,62.21
55055,"ST",593,2294,25.85
55057,"RD",572,1839,31.1
55059,"AVE",1248,3346,37.3
55061,"RD",258,732,35.25
55063,"RD",706,2454,28.77
55065,"RD",397,995,39.9
55067,"RD",549,1132,48.5
55069,"RD",760,1750,43.43
55071,"ST",642,2208,29.08
55073,"ST",1008,3998,25.21
55075,"RD",1198,3017,39.71
55077,"ST",189,929,20.34
55078,"RD",219,364,60.16
55079,"ST",3173,8399,37.78
55081,"AVE",747,2064,36.19
55083,"LN",1100,2651,41.49
55085,"RD",1380,3142,43.92
55087,"ST",1045,4162,25.11
55089,"CT",556,2497,22.27
55091,"LN",179,432,41.44
55093,"ST",800,1660,48.19
55095,"ST",927,2421,38.29
55097,"RD",536,2344,22.87
55099,"RD",737,1250,58.96
55101,"DR",835,3511,23.78
55103,"LN",636,1505,42.26
55105,"DR",961,3615,26.58
55107,"RD",584,1028,56.81
55109,"ST",804,2651,30.33
55111,"RD",802,2360,33.98
55113,"RD",1207,2490,48.47
55115,"RD",718,2009,35.74
55117,"ST",568,2837,20.02
55119,"RD",265,1047,25.31
55121,"RD",688,1713,40.16
55123,"RD",768,1917,40.06
55125,"RD",1527,3400,44.91
55127,"RD",865,3526,24.53
55129,"RD",772,1546,49.94
55131,"DR",922,3300,27.94
55133,"DR",2601,9547,27.24
55135,"RD",993,2490,39.88
55137,"AVE",289,1517,19.05
55139,"ST",714,3587,19.91
55141,"ST",583,2267,25.72
56001,"RD",700,1567,44.67
56003,"ST",204,535,38.13
56005,"RD",517,1717,30.11
56007,"ST",474,1182,40.1
56009,"RD",317,705,44.96
56011,"RD",505,805,62.73
56013,"RD",777,2230,34.84
56015,"RD",172,510,33.73
56017,"RD",207,373,55.5
56019,"RD",307,679,45.21
56021,"RD",830,2853,29.09
56023,"RD",420,1573,26.7
56025,"RD",859,2881,29.82
56027,"RD",178,352,50.57
56029,"RD",476,1585,30.03
56031,"RD",478,833,57.38
56033,"RD",408,1363,29.93
56035,"RD",488,1149,42.47
56037,"ST",428,1652,25.91
56039,"RD",875,1702,51.41
56041,"RD",198,827,23.94
56043,"RD",282,575,49.04
56045,"RD",209,537,38.92
